date,crypto_index,dollarVolume,address #,blockUsd,google trends,total count
2024-04-01,,,648777.0,13085709742.52084,44,79.0
2024-04-02,,,685496.0,12446948304.835768,44,79.0
2024-04-03,,,714141.0,11542956859.303852,42,71.0
2024-04-04,,,655509.0,10660992756.195915,40,70.0
2024-04-05,,,643705.0,7927852982.371402,39,79.0
2024-04-06,,,673290.0,5025793841.248038,39,75.0
2024-04-07,,,652726.0,5011808062.969637,38,78.0
2024-04-08,,,685180.0,11418584778.487938,39,76.0
2024-04-09,,,683771.0,10939569437.810043,36,80.0
2024-04-10,,,703704.0,8679207271.980724,38,78.0
2024-04-11,,,631803.0,8561053017.120058,40,76.0
2024-04-12,,,683741.0,9357183105.151403,42,79.0
2024-04-13,,,683432.0,6210051369.613112,44,72.0
2024-04-14,,,665693.0,5003997183.111914,42,72.0
2024-04-15,,,666015.0,11559341313.326015,47,74.0
2024-04-16,,,743368.0,10682144920.883438,39,65.0
2024-04-17,,,661886.0,8561709706.407869,40,67.0
2024-04-18,,,670913.0,12336705133.490808,35,57.0
2024-04-19,,,727141.0,9479933431.70449,36,66.0
2024-04-20,,,455683.0,1849550188.3816288,38,66.0
2024-04-21,,,484762.0,2437952939.1959405,32,72.0
2024-04-22,,,534717.0,7335530723.912101,37,73.0
2024-04-23,,,441797.0,7265789225.50074,35,71.0
2024-04-24,,,632356.0,7652433880.532315,35,72.0
2024-04-25,,,633650.0,6784884049.382103,36,72.0
2024-04-26,,,664327.0,7554163013.008273,35,70.0
2024-04-27,,,673970.0,3253300158.0688977,32,67.0
2024-04-28,,,509501.0,3545588645.6945586,35,65.0
2024-04-29,,,603796.0,5796728920.506398,32,67.0
2024-04-30,,,635509.0,9309712608.562164,34,67.0
2024-05-01,,,587665.0,8725783357.945253,36,54.0
2024-05-02,,,528151.0,8551356016.181779,36,43.0
2024-05-03,,,537019.0,5447644455.234284,34,48.0
2024-05-04,,,473521.0,2535276294.7820964,35,67.0
2024-05-05,,,429326.0,1613446518.3047206,30,69.0
2024-05-06,,,466177.0,5491391681.421094,32,71.0
2024-05-07,,,495831.0,4764574677.705591,33,68.0
2024-05-08,,,514675.0,4826242476.1033,30,64.0
2024-05-09,,,513026.0,4649344428.186168,32,55.0
2024-05-10,,,474605.0,4160729596.332065,35,66.0
2024-05-11,,,445747.0,1989012570.1560533,31,53.0
2024-05-12,,,377543.0,1881158872.1569223,27,56.0
2024-05-13,,,466123.0,5759327016.077168,30,57.0
2024-05-14,,,458041.0,5418457538.779011,31,66.0
2024-05-15,,,516619.0,8003836077.364244,42,64.0
2024-05-16,,,494221.0,7101103820.324476,34,70.0
2024-05-17,,,514199.0,7835288947.482639,33,74.0
2024-05-18,,,434371.0,2349266373.133145,33,73.0
2024-05-19,,,405155.0,3000326237.631906,30,72.0
2024-05-20,,,482108.0,7022731812.543269,35,70.0
2024-05-21,,,508542.0,11045188897.642183,38,76.0
2024-05-22,,,491272.0,8214273488.198978,35,76.0
2024-05-23,,,533345.0,9092947802.681755,35,76.0
2024-05-24,,,483309.0,8162826585.536556,31,74.0
2024-05-25,,,465497.0,2016644986.3119545,35,76.0
2024-05-26,,,403848.0,3376577962.077557,35,75.0
2024-05-27,,,430424.0,3759980652.3522434,35,74.0
2024-05-28,,,448181.0,25126148317.40864,33,72.0
2024-05-29,,,449070.0,6388638321.04567,35,72.0
2024-05-30,,,499634.0,8488992411.997545,34,73.0
2024-05-31,,,528690.0,9197804710.416952,30,73.0
2024-06-01,,,449639.0,2035171781.513369,33,72.0
2024-06-02,,,393004.0,1639206773.6388123,34,73.0
2024-06-03,,,482689.0,10231630580.222763,34,73.0
2024-06-04,,,492874.0,8099405366.314405,33,73.0
2024-06-05,,,460473.0,9970731483.523262,34,75.0
2024-06-06,,,476121.0,7566456857.298964,35,78.0
2024-06-07,,,468301.0,9046106615.578749,35,77.0
2024-06-08,,,599175.0,3010368337.856259,35,72.0
2024-06-09,,,479357.0,1356745169.9412165,31,75.0
2024-06-10,,,473053.0,7071634843.4280405,31,72.0
2024-06-11,,,485989.0,8300820379.970086,33,74.0
2024-06-12,,,483313.0,7993241570.379265,32,72.0
2024-06-13,,,469602.0,5447481273.682415,32,70.0
2024-06-14,,,475827.0,7752072910.629316,32,74.0
2024-06-15,,,426024.0,2182888818.589143,40,74.0
2024-06-16,,,410934.0,1577243596.909229,28,71.0
2024-06-17,,,433551.0,6504943989.828709,31,71.0
2024-06-18,,,484883.0,8142461537.978515,34,74.0
2024-06-19,,,459862.0,4194286630.621904,32,64.0
2024-06-20,,,465205.0,6897447731.90798,33,60.0
2024-06-21,,,514658.0,5839766773.132086,31,63.0
2024-06-22,,,456727.0,5441303997.531913,32,53.0
2024-06-23,,,358420.0,1479938986.0844269,31,55.0
2024-06-24,,,456565.0,9211986161.082129,34,51.0
2024-06-25,,,441214.0,7946145283.243041,31,30.0
2024-06-26,,,476277.0,6539916736.601309,31,46.0
2024-06-27,,,501018.0,10565765822.368536,31,40.0
2024-06-28,,,562499.0,8362849210.30259,30,47.0
2024-06-29,,,502873.0,2587218662.591855,27,30.0
2024-06-30,,,,,26,47.0
2024-07-01,,,650451.0,7238212215.877723,29,53.0
2024-07-02,,,511492.0,5251483422.359735,31,51.0
2024-07-03,,,503996.0,5633224518.403391,32,50.0
2024-07-04,,,487582.0,8872506195.657322,32,44.0
2024-07-05,,,510689.0,17072634339.062922,32,29.0
2024-07-06,,,461755.0,3146711262.594625,30,26.0
2024-07-07,,,417263.0,2278555072.733085,33,29.0
2024-07-08,,,534832.0,10703012141.302937,34,28.0
2024-07-09,,,499299.0,7917211325.057808,36,27.0
2024-07-10,,,460604.0,8254401496.318952,40,28.0
2024-07-11,,,487442.0,7191349803.164905,34,29.0
2024-07-12,,,486027.0,7362339048.252724,32,25.0
2024-07-13,,,418214.0,2761173151.654501,34,25.0
2024-07-14,,,440649.0,1663806010.8954782,30,33.0
2024-07-15,,,482490.0,8843917880.771624,38,52.0
2024-07-16,,,492843.0,12446978850.299572,32,65.0
2024-07-17,,,476281.0,7739487792.722873,34,69.0
2024-07-18,,,481360.0,6732472480.378525,37,61.0
2024-07-19,,,510414.0,8528315185.286592,100,60.0
2024-07-20,,,444989.0,3598982164.152902,40,74.0
2024-07-21,,,412253.0,2500846849.1716294,35,74.0
2024-07-22,,,504554.0,9717578991.658886,36,70.0
2024-07-23,,,480641.0,14515028690.791712,34,71.0
2024-07-24,,,484767.0,8943563782.017931,35,69.0
2024-07-25,,,529053.0,7867610940.380128,36,68.0
2024-07-26,,,529294.0,7332170770.1329155,34,68.0
2024-07-27,,,508959.0,4232975746.9635262,39,72.0
2024-07-28,,,431944.0,2767696675.788944,36,71.0
2024-07-29,,,543529.0,9902659739.016802,38,74.0
2024-07-30,,,500916.0,15119384835.083055,33,67.0
2024-07-31,,,542141.0,9602772099.094246,34,61.0
2024-08-01,,,550192.0,8155277551.651909,29,52.0
2024-08-02,,,531291.0,9809266028.523855,32,57.0
2024-08-03,,,490026.0,2308110370.827175,33,37.0
2024-08-04,,,451025.0,3460899185.172749,29,34.0
2024-08-05,,,572484.0,13237735958.448278,46,26.0
2024-08-06,,,502085.0,6808433062.101782,36,17.0
2024-08-07,,,483579.0,7893851552.603765,33,29.0
2024-08-08,,,541524.0,6532994035.445488,32,20.0
2024-08-09,,,505594.0,7901052207.058065,33,48.0
2024-08-10,,,449194.0,3834508484.859348,32,40.0
2024-08-11,,,407547.0,1565215178.617859,35,39.0
2024-08-12,,,459444.0,6152997429.581423,32,25.0
2024-08-13,,,499256.0,7149997426.564984,31,31.0
2024-08-14,,,514603.0,6988791297.667786,31,30.0
2024-08-15,,,517110.0,5391558140.144841,37,29.0
2024-08-16,,,541657.0,4199825226.3043375,33,27.0
2024-08-17,,,468048.0,1860988054.6251376,30,25.0
2024-08-18,,,431177.0,1842005986.3217328,32,31.0
2024-08-19,,,479794.0,6312008781.440564,32,28.0
2024-08-20,,,522795.0,5274305723.816394,32,30.0
2024-08-21,,,528523.0,5478969193.046639,30,26.0
2024-08-22,,,529070.0,5779831062.841158,31,39.0
2024-08-23,,,531334.0,7779554833.467165,34,34.0
2024-08-24,,,465477.0,8091891894.064949,33,56.0
2024-08-25,,,410926.0,1702032825.6541271,29,54.0
2024-08-26,,,467689.0,6102368262.378635,31,55.0
2024-08-27,,,500316.0,9613387187.807987,30,48.0
2024-08-28,,,507535.0,6632252546.814547,32,30.0
2024-08-29,,,537264.0,6395977330.587544,35,29.0
2024-08-30,,,572225.0,7346359988.724018,34,34.0
2024-08-31,,,500461.0,2193027465.921187,35,29.0
2024-09-01,,,474746.0,2648012585.459729,32,26.0
2024-09-02,,,497761.0,3100686678.1579823,32,26.0
2024-09-03,,,532190.0,6012689752.026111,28,26.0
2024-09-04,,,517981.0,5799794944.180726,30,27.0
2024-09-05,,,539154.0,6158660147.176024,29,29.0
2024-09-06,,,541499.0,7064283321.400344,59,22.0
2024-09-07,,,467697.0,1519336722.3506465,32,23.0
2024-09-08,,,443983.0,1783924507.5377305,31,29.0
2024-09-09,,,484357.0,6363322710.944949,29,26.0
2024-09-10,,,496236.0,5660821108.553659,34,33.0
2024-09-11,,,485718.0,4996530777.753266,30,37.0
2024-09-12,,,543579.0,5069102731.029143,31,31.0
2024-09-13,,,541521.0,7391259643.194124,30,32.0
2024-09-14,,,497081.0,2251848613.999916,32,50.0
2024-09-15,,,450094.0,1557392812.0248942,41,51.0
2024-09-16,,,508716.0,5636920631.973337,31,39.0
2024-09-17,,,512792.0,5979868415.488911,36,33.0
2024-09-18,,,503606.0,7033415665.476531,34,45.0
2024-09-19,,,534707.0,8246322622.468619,31,49.0
2024-09-20,,,555435.0,11383528905.333431,31,54.0
2024-09-21,,,487325.0,1936753345.683346,34,54.0
2024-09-22,,,439610.0,1568648134.041071,32,52.0
2024-09-23,,,518528.0,7000723222.757288,34,50.0
2024-09-24,,,517079.0,8567453178.705362,33,54.0
2024-09-25,,,513256.0,8162704768.430984,38,59.0
2024-09-26,,,515965.0,7108680538.140987,34,50.0
2024-09-27,,,549045.0,8554437526.620602,32,61.0
2024-09-28,,,477266.0,2366097260.4524183,32,64.0
2024-09-29,,,462111.0,1655558348.2101824,32,63.0
2024-09-30,,,513555.0,10834329687.749817,31,61.0
2024-10-01,,,626337.0,8154719864.648614,32,50.0
2024-10-02,,,504061.0,7829105602.861956,28,42.0
2024-10-03,,,522348.0,7480735068.698743,29,37.0
2024-10-04,,,553982.0,5461339204.431516,29,41.0
2024-10-05,,,462401.0,2730371658.884799,27,49.0
2024-10-06,,,435532.0,3005253704.35666,27,50.0
2024-10-07,,,495630.0,7813362740.240367,30,50.0
2024-10-08,,,556194.0,10877241078.803793,32,49.0
2024-10-09,,,479175.0,6720634380.632039,24,49.0
2024-10-10,,,495077.0,7011381420.420207,24,39.0
2024-10-11,,,474119.0,6860121248.392112,24,32.0
2024-10-12,,,440477.0,1843902651.0940168,24,49.0
2024-10-13,,,417442.0,1597337887.2848842,23,50.0
2024-10-14,,,477679.0,6678664097.609112,26,48.0
2024-10-15,,,510964.0,11549587821.736782,25,65.0
2024-10-16,,,465015.0,11139283532.797909,26,73.0
2024-10-17,,,529901.0,8730955014.1011,26,71.0
2024-10-18,,,519056.0,10874397499.760347,25,73.0
2024-10-19,,,480562.0,3014354207.8432803,26,72.0
2024-10-20,,,462770.0,4380035792.252007,26,73.0
2024-10-21,,,482337.0,8678261147.398464,26,72.0
2024-10-22,,,479204.0,9459984977.844604,26,70.0
2024-10-23,,,496062.0,6752263402.2640505,25,71.0
2024-10-24,,,453818.0,8861423494.225447,25,69.0
2024-10-25,,,585659.0,8170259000.293865,24,72.0
2024-10-26,,,513505.0,2589025948.7554045,22,
2024-10-27,,,452846.0,1623405982.1370733,22,74.0
2024-10-28,,,535356.0,10966185038.036318,24,72.0
2024-10-29,,,580911.0,14125800889.23154,26,72.0
2024-10-30,,,553379.0,13795094906.86094,24,77.0
2024-10-31,,,562550.0,13376076760.9013,24,77.0
2024-11-01,,,556938.0,12445252914.96622,25,75.0
2024-11-02,,,504261.0,2325736060.7382245,21,72.0
2024-11-03,,,452489.0,2585993578.693979,25,74.0
2024-11-04,,,518020.0,10004272909.175388,37,70.0
2024-11-05,,,548496.0,11232629934.2776,23,70.0
2024-11-06,,,622567.0,16624459226.55678,40,70.0
2024-11-07,,,583392.0,14663670061.258778,39,77.0
2024-11-08,,,591256.0,16280514071.904943,33,75.0
2024-11-09,,,502341.0,4379578541.9617,36,75.0
2024-11-10,,,564887.0,8805260115.054148,41,78.0
2024-11-11,,,623757.0,15659527002.602783,53,76.0
2024-11-12,,,702614.0,26270558367.128586,68,80.0
2024-11-13,,,636591.0,21257021379.190037,60,84.0
2024-11-14,,,587387.0,24187597707.2619,53,88.0
2024-11-15,,,619496.0,19113942083.20821,48,80.0
2024-11-16,,,581986.0,5256303046.01382,46,86.0
2024-11-17,,,518085.0,3315738679.512714,43,90.0
2024-11-18,,,,,45,83.0
2024-11-19,,,547133.0,17907534161.0051,46,90.0
2024-11-20,,,557265.0,19928511810.87637,49,83.0
2024-11-21,,,666198.0,24042155708.5233,63,82.0
2024-11-22,,,628962.0,18925420304.096355,57,94.0
2024-11-23,,,590149.0,11273319452.938,57,93.0
2024-11-24,,,534909.0,8444664449.542644,50,80.0
2024-11-25,,,593158.0,19031989883.548637,55,82.0
2024-11-26,,,568082.0,21331421147.908745,44,79.0
2024-11-27,,,599701.0,12555140763.385525,48,75.0
2024-11-28,,,559054.0,9708469422.03239,52,77.0
2024-11-29,,,551876.0,12049106760.35298,48,78.0
2024-11-30,,,583648.0,4308785753.686624,50,84.0
2024-12-01,,,501246.0,4169328992.634692,49,81.0
2024-12-02,,,578842.0,16936998791.826956,59,80.0
2024-12-03,,,613585.0,13405989744.175867,52,76.0
2024-12-04,,,606514.0,13935666799.866549,55,78.0
2024-12-05,,,676971.0,22269535612.85755,72,84.0
2024-12-06,,,589966.0,17888033885.907677,70,72.0
2024-12-07,,,523611.0,5418124415.8528185,100,75.0
2024-12-08,,,500126.0,3771799971.244733,67,79.0
2024-12-09,,,548218.0,16893586741.251682,65,78.0
2024-12-10,,,637676.0,12979843425.395798,69,78.0
2024-12-11,,,617471.0,21037350757.179398,56,74.0
2024-12-12,,,642365.0,17239165427.918285,50,83.0
2024-12-13,,,622796.0,17652553064.867294,42,76.0
2024-12-14,,,547370.0,5353586265.646702,47,83.0
2024-12-15,,,540459.0,6822123118.771503,40,80.0
2024-12-16,,,628257.0,19489912898.92708,42,83.0
2024-12-17,,,587955.0,16038288677.469349,44,87.0
2024-12-18,,,583495.0,16000954252.851433,45,81.0
2024-12-19,,,634202.0,19125758841.63413,44,75.0
2024-12-20,,,640920.0,16133797899.628605,50,74.0
2024-12-21,,,516725.0,6882358327.448823,62,73.0
2024-12-22,,,477331.0,3340023325.9010005,46,73.0
2024-12-23,,,528563.0,12473533243.122517,38,70.0
2024-12-24,,,543738.0,11564062010.09304,37,73.0
2024-12-25,,,465831.0,5466163116.674572,38,73.0
2024-12-26,,,488028.0,8493106621.658707,45,79.0
2024-12-27,,,568492.0,9580652001.738983,39,74.0
2024-12-28,,,513628.0,2677566056.8358884,41,72.0
2024-12-29,,,473130.0,5228175703.420922,38,73.0
2024-12-30,,,546526.0,13470587113.382612,38,65.0
2024-12-31,,,545227.0,13251695752.866476,35,64.0
2025-01-01,,,469908.0,6553323746.3020735,39,66.0
2025-01-02,,,536381.0,6110103532.896917,42,70.0
2025-01-03,,,580296.0,8269717281.335514,40,74.0
2025-01-04,,,514543.0,2758643852.77057,42,73.0
2025-01-05,,,477492.0,2386538450.1449366,37,72.0
2025-01-06,,,552854.0,10720151138.280603,40,76.0
2025-01-07,,,534903.0,12571059044.880728,40,78.0
2025-01-08,,,545474.0,12232111996.713434,37,70.0
2025-01-09,,,551517.0,7267610310.966393,40,69.0
2025-01-10,,,555569.0,8226023524.658946,34,50.0
2025-01-11,,,493250.0,2717776436.9154506,34,69.0
2025-01-12,,,478512.0,2524860229.613659,32,62.0
2025-01-13,,,527739.0,7428143322.801004,36,61.0
2025-01-14,,,555702.0,8476643246.566211,35,63.0
2025-01-15,,,562243.0,9736046043.950031,35,70.0
2025-01-16,,,552617.0,15219278220.789003,44,75.0
2025-01-17,,,609681.0,13726669241.249104,44,75.0
2025-01-18,,,548843.0,5389522873.899006,51,77.0
2025-01-19,,,581784.0,5860881893.009443,73,77.0
2025-01-20,,,611603.0,11266460830.38323,82,76.0
2025-01-21,,,576234.0,14016792182.76418,68,76.0
2025-01-22,,,563550.0,13577736341.160229,58,84.0
2025-01-23,,,559393.0,14634364649.359364,55,75.0
2025-01-24,,,555324.0,12098187853.612225,58,75.0
2025-01-25,,,511721.0,3694805800.669982,56,75.0
2025-01-26,,,468657.0,2783482751.6197257,46,73.0
2025-01-27,,,536813.0,11955786516.95331,56,71.0
2025-01-28,,,526610.0,8034825800.008887,47,72.0
2025-01-29,,,536882.0,6092345911.116566,42,72.0
2025-01-30,,,563297.0,7400448916.434272,40,70.0
2025-01-31,,,573440.0,11201672996.579489,37,76.0
2025-02-01,,,547939.0,3013247738.519718,39,68.0
2025-02-02,,,493629.0,4767314353.494646,45,60.0
2025-02-03,,,594369.0,18010195932.401714,55,44.0
2025-02-04,,,533329.0,9972825687.013733,42,72.0
2025-02-05,,,549668.0,14433738129.338787,44,54.0
2025-02-06,,,556046.0,10021883321.596104,35,49.0
2025-02-07,,,547121.0,8703519501.878572,41,44.0
2025-02-08,,,495840.0,3464009779.7232847,35,44.0
2025-02-09,,,458209.0,2892524949.0753446,31,46.0
2025-02-10,,,506614.0,7432617992.956971,40,43.0
2025-02-11,,,527971.0,9477085951.576164,36,47.0
2025-02-12,,,524479.0,6046944646.337515,50,46.0
2025-02-13,,,554664.0,6654782592.28042,53,50.0
2025-02-14,,,555378.0,8436991720.132586,56,48.0
2025-02-15,,,477805.0,2834188516.6755214,64,50.0
2025-02-16,,,439616.0,2372547536.0734653,52,54.0
2025-02-17,,,481661.0,5508831135.639191,50,51.0
2025-02-18,,,505135.0,7844099152.227246,49,47.0
2025-02-19,,,504104.0,7977877909.42433,50,44.0
2025-02-20,,,528372.0,7693600250.556907,85,49.0
2025-02-21,,,539520.0,11713054420.955343,65,55.0
2025-02-22,,,481128.0,9079926698.565578,61,49.0
2025-02-23,,,401327.0,4160757626.313596,59,50.0
2025-02-24,,,502390.0,7539058256.821985,50,49.0
2025-02-25,,,593036.0,19880185672.637268,61,25.0
2025-02-26,,,551544.0,16676247403.02854,48,21.0
2025-02-27,,,559897.0,13035391292.900711,50,10.0
2025-02-28,,,639073.0,14082883082.188152,50,16.0
2025-03-01,,,537837.0,4440543779.655316,45,20.0
2025-03-02,,,502728.0,6026981353.715553,49,26.0
2025-03-03,,,574113.0,13059040343.29221,53,33.0
2025-03-04,,,572405.0,9413786977.94864,45,15.0
2025-03-05,,,553079.0,7517911103.384212,43,20.0
2025-03-06,,,582749.0,8439668480.765515,41,25.0
2025-03-07,,,575233.0,10112854701.343702,53,34.0
2025-03-08,,,490884.0,2510243357.318507,49,28.0
2025-03-09,,,468931.0,3291100083.832311,50,27.0
2025-03-10,,,561710.0,11665904508.07828,49,20.0
2025-03-11,,,555242.0,10558772838.912882,48,24.0
2025-03-12,,,537118.0,11244575402.619509,42,34.0
2025-03-13,,,548028.0,11652599979.206436,39,45.0
2025-03-14,,,558542.0,7688923936.964859,47,27.0
2025-03-15,,,483792.0,2025237248.2558637,47,46.0
2025-03-16,,,440114.0,2461022384.446573,45,30.0
2025-03-17,,,511394.0,6958311355.184736,35,32.0
2025-03-18,,,520296.0,5673415289.209962,31,34.0
2025-03-19,,,523412.0,7323070307.706748,31,32.0
2025-03-20,,,538832.0,9374758746.042685,31,49.0
2025-03-21,,,542213.0,7154070651.931662,31,31.0
2025-03-22,,,463442.0,2286075876.446249,33,32.0
2025-03-23,,,426406.0,1789474661.2639942,30,30.0
2025-03-24,,,542968.0,7684100097.406544,29,45.0
2025-03-25,,,537123.0,10116621776.142763,30,46.0
2025-03-26,,,551045.0,9664047436.944172,36,47.0
2025-03-27,,,546963.0,7526149332.700574,37,40.0
2025-03-28,,,555512.0,12048485791.401278,32,44.0
2025-03-29,,,491096.0,5091286087.469017,32,26.0
2025-03-30,,,448720.0,3254782225.1719213,30,32.0
2025-03-31,,,536233.0,9821678609.988209,30,34.0
2025-04-01,,,577515.0,6557955353.679704,30,34.0
2025-04-02,85237.5876052852,29172899851.734768,561041.0,9548511632.805395,30,44.0
2025-04-03,82526.4221526433,46332905657.77597,576015.0,11835707286.54347,31,25.0
2025-04-04,83163.98757387721,36594464539.14662,568203.0,8780468949.850952,30,28.0
2025-04-05,83852.00765399594,35647289400.47406,491185.0,3868108851.8407145,34,30.0
2025-04-06,83595.88550177493,14910400035.531416,468285.0,4346039061.740272,34,34.0
2025-04-07,78211.48358199988,36140377231.68329,561612.0,12325031990.720432,32,23.0
2025-04-08,79179.29226757778,82909748172.59216,560881.0,7889160738.948145,34,24.0
2025-04-09,76329.090356324,47812787635.22632,553980.0,10619510422.057436,29,18.0
2025-04-10,82622.17029546302,87408220482.11568,559681.0,8272452338.091592,29,39.0
2025-04-11,79596.35732250768,41213520154.25157,574941.0,10441636973.74348,27,25.0
2025-04-12,83439.28818043756,39813566443.76779,504593.0,3199768362.3696,28,43.0
2025-04-13,85305.09728392666,22428929482.06912,462177.0,2872917277.051721,26,45.0
2025-04-14,83600.82010054543,28731125717.93436,531419.0,7327920945.142364,27,31.0
2025-04-15,84523.4524914945,33155578229.343517,547445.0,6411287873.065953,27,38.0
2025-04-16,83656.49248858042,25084671427.622566,543869.0,9044954451.20895,27,29.0
2025-04-17,84105.77942167096,26948109141.803364,545464.0,7817372046.315234,26,30.0
2025-04-18,84930.90857600998,19323821375.14309,515292.0,3870953753.627775,24,33.0
2025-04-19,84433.75017215389,9550691272.782003,471006.0,2510500478.902752,24,32.0
2025-04-20,85126.66244301842,12635983530.804457,423502.0,2232630980.687477,24,37.0
2025-04-21,85073.16544858096,12625843856.313684,493498.0,7961048503.294534,26,39.0
2025-04-22,87452.04699068287,40070025414.28289,569473.0,12491830345.924189,28,47.0
2025-04-23,93576.1658857398,53841992235.36636,546333.0,16200026210.79612,29,72.0
2025-04-24,93605.45230873208,39901515879.65954,569545.0,14035201954.66458,31,63.0
2025-04-25,93872.81422867288,30031246761.09345,595179.0,17332578422.84961,30,60.0
2025-04-26,94773.11200643536,39336184715.04292,486530.0,4555887933.739448,30,65.0
2025-04-27,94644.06637120109,15445392739.787264,449536.0,3888393605.9005857,26,61.0
2025-04-28,93809.33781968225,15926259371.05796,513795.0,11534611913.428812,31,54.0
2025-04-29,95030.60645474444,31913814736.53902,526876.0,12682042160.758211,26,60.0
2025-04-30,94256.35946318062,25882629766.278942,558028.0,8415953464.653325,26,56.0
2025-05-01,94235.75331048168,26541700309.366142,555979.0,8742561243.010767,29,53.0
2025-05-02,96426.94522273028,30207566405.468838,613025.0,10365219305.55276,27,67.0
2025-05-03,96855.5681343944,23276376191.483967,515130.0,5780366401.056679,22,65.0
2025-05-04,95922.86842404422,13797554863.642817,446087.0,2688789794.2843966,27,64.0
2025-05-05,94326.62048529249,14903122945.616686,531867.0,12316169616.315157,26,52.0
2025-05-06,94758.8237105546,24086456278.20385,526919.0,9692283136.625357,28,59.0
2025-05-07,96854.53198815876,23348052607.071877,559340.0,8870488913.741823,28,67.0
2025-05-08,97026.493769668,64376174032.08048,592201.0,10352926922.70228,33,65.0
2025-05-09,103076.27555512934,50020047720.65604,603053.0,12000952154.164743,34,73.0
2025-05-10,102962.540456923,40800894903.23446,503410.0,3641552067.7515,32,70.0
2025-05-11,104630.8792994166,21558992540.04244,467125.0,4002446571.217252,37,70.0
2025-05-12,103994.061616746,27389436049.454792,532368.0,10610173476.098167,35,70.0
2025-05-13,102876.8304286011,43090605819.36596,534997.0,12139989800.498348,35,70.0
2025-05-14,104184.49039270742,33861432519.50822,535430.0,9186120404.981548,36,73.0
2025-05-15,103594.42575090707,28398245846.798244,540779.0,13310349561.179665,34,70.0
2025-05-16,103708.8513642364,31823340473.339912,539053.0,9260377548.0582,30,71.0
2025-05-17,103556.03493982446,25887953182.14765,474173.0,3011615665.251809,28,74.0
2025-05-18,103212.36483885496,18950056010.479057,432229.0,4277222751.359123,28,74.0
2025-05-19,106030.6376831359,30744060179.802963,499650.0,11066325015.853483,25,74.0
2025-05-20,105629.41580436694,43339734153.75087,536030.0,10861017407.833977,26,71.0
2025-05-21,106786.71995834044,36393687094.25122,567751.0,14775186534.55395,28,70.0
2025-05-22,109665.86371625264,60722883113.84,612816.0,16043204929.738068,32,72.0
2025-05-23,111560.356938144,52218408239.45193,571289.0,15409133940.94576,32,78.0
2025-05-24,107216.66856870624,49251745837.96465,500617.0,5446155680.062743,28,66.0
2025-05-25,107831.36374380375,27128230116.51716,442797.0,3288796413.167732,32,74.0
2025-05-26,108861.81037744328,29652659665.048733,516548.0,9216183401.120417,28,73.0
2025-05-27,109377.71513263127,27950577137.918888,508812.0,12251387161.35873,30,74.0
2025-05-28,109068.45694901443,38978783508.88622,546095.0,10535083488.500374,34,71.0
2025-05-29,107838.18431100152,29794278037.284943,542154.0,10341416369.58704,39,74.0
2025-05-30,105745.41660358038,38279231892.56757,594597.0,12038234757.004648,33,60.0
2025-05-31,104010.91956242644,39680060337.61021,506671.0,3219514300.973329,30,50.0
2025-06-01,104687.50742934884,20432694555.09522,452800.0,2705917037.3142548,28,56.0
2025-06-02,105710.00593822816,17721500507.53389,516152.0,12666100367.852962,28,64.0
2025-06-03,105884.74263221148,26313843058.73954,560813.0,11439289120.522951,37,64.0
2025-06-04,105434.47745144973,25925661121.080395,545490.0,13646987293.23523,31,62.0
2025-06-05,104812.9182188067,25812143562.79796,562558.0,10550534159.238892,46,57.0
2025-06-06,101650.7387545425,39711941132.0234,543873.0,11455561872.615784,39,45.0
2025-06-07,104409.74967959142,29897390978.090103,473987.0,3677820071.5810657,39,52.0
2025-06-08,105681.4546141758,17749731308.73042,436494.0,2364440624.399593,44,62.0
2025-06-09,105692.24740699006,16044679696.270103,506842.0,9265964068.03982,44,62.0
2025-06-10,110261.57485948496,38222993297.50514,558332.0,11196025800.76702,39,71.0
2025-06-11,110212.73252109604,36303839182.734825,519320.0,8722630197.219322,41,72.0
2025-06-12,108679.9760916168,30338936631.626648,549165.0,6376367919.772322,39,71.0
2025-06-13,105979.22902375912,35865159511.38857,567837.0,11515533272.179176,39,61.0
2025-06-14,106045.56440819205,49471015505.74361,474984.0,3885367331.76774,40,63.0
2025-06-15,105482.90611628916,17916412455.866283,439669.0,3155873881.187292,40,60.0
2025-06-16,105554.49383061715,16568441852.649668,527740.0,11917602155.905172,39,61.0
2025-06-17,106951.2720181497,32095957011.724205,518441.0,9427005107.909824,37,68.0
2025-06-18,104683.42479835715,38603212010.88944,526045.0,10252024346.377224,36,52.0
2025-06-19,104722.695052907,30339326410.154945,501017.0,5255470077.15392,38,57.0
2025-06-20,104690.65002458123,18063282658.152294,543938.0,8671147096.782238,39,54.0
2025-06-21,103290.105144757,30632751225.407444,455627.0,3272164417.8679485,34,49.0
2025-06-22,101532.5683847329,21644463198.71953,434126.0,5215828659.9633255,39,42.0
2025-06-23,100852.58264648831,51287142390.02526,477910.0,9641640710.702703,35,47.0
2025-06-24,105511.62437933136,50011797128.6837,,,38,65.0
2025-06-25,105976.06929808448,31704641076.941063,516000.0,11874525132.589664,46,66.0
2025-06-26,107238.53045016268,30468274982.034847,540682.0,11793948204.87055,40,74.0
2025-06-27,106984.01253775664,24320699663.15122,524379.0,12887703108.271955,37,65.0
2025-06-28,107078.91560644074,25194306261.888832,457275.0,3336314161.126716,38,65.0
2025-06-29,107331.58548463575,8960877693.57604,442209.0,3488152854.034,41,68.0
2025-06-30,108396.61631317894,14881078675.366829,521131.0,14136311601.559843,40,66.0
2025-07-01,107132.79910701896,22489515582.41552,542508.0,7525873041.10213,36,64.0
2025-07-02,105613.39974163056,25033160828.30909,572880.0,9829934492.062971,38,63.0
2025-07-03,108824.44423167944,36395184773.06136,571346.0,11161785740.783571,37,73.0
2025-07-04,109602.20483914016,29892049537.628605,527167.0,16598074235.295662,35,73.0
2025-07-05,108040.8919400104,24248906784.57383,426226.0,2818051738.286806,34,67.0
2025-07-06,108217.46849992426,10042942280.966904,436195.0,2856385887.529106,13,66.0
2025-07-07,109215.19771840284,14638669497.351295,493343.0,9758779721.625795,12,73.0
2025-07-08,108300.71675785031,25493246475.80407,521277.0,8193896030.848373,16,65.0
2025-07-09,108953.19187727802,20488865138.27645,542076.0,7732968413.466436,18,66.0
2025-07-10,111327.53054245668,37078460440.66385,605456.0,11593476507.743671,18,71.0
2025-07-11,115879.65030112496,56204086624.04028,626638.0,17966579616.717262,19,71.0
2025-07-12,117571.02510036016,64185145923.88688,501978.0,7065294773.538602,19,79.0
2025-07-13,117418.95745007684,24351256098.393543,466718.0,4554222640.881363,18,74.0
2025-07-14,119117.55666327637,27310851454.97692,598435.0,28379995376.52119,19,74.0
2025-07-15,119833.67446712356,68915956378.80447,560371.0,25653677929.517857,18,73.0
2025-07-16,117678.19493404306,80299520980.2335,542511.0,15318731737.294672,19,70.0
2025-07-17,118748.1627367753,50374263848.76278,594592.0,29735820375.44461,30,74.0
2025-07-18,119445.36520434044,49282617205.72662,580677.0,17065964092.484243,29,73.0
2025-07-19,117988.94664455787,58896449260.69391,477264.0,6034792021.890069,32,74.0
2025-07-20,117901.62655900871,23934511126.349533,455280.0,3737438458.7072406,38,72.0
2025-07-21,117256.9208222684,36702153882.06748,537794.0,14562334193.0149,33,71.0
2025-07-22,117482.46977767294,46344384345.39471,519024.0,14170292447.359936,28,72.0
2025-07-23,119955.79570607652,58939000420.94166,535701.0,10879734897.830894,31,74.0
2025-07-24,118629.05588130427,45225685167.61703,528797.0,11261125234.19587,28,71.0
2025-07-25,118354.43517438594,51940414419.3327,577530.0,22820893392.68719,29,70.0
2025-07-26,117540.8083708574,91617702596.10349,491132.0,4964932334.15206,25,72.0
2025-07-27,117959.54234360624,25145925063.881348,457112.0,3373298830.617135,30,73.0
2025-07-28,119418.91405141471,30220402191.467663,529385.0,12934438036.770037,24,75.0
2025-07-29,118003.30201607826,43433742203.62158,561483.0,13288768254.758938,33,73.0
2025-07-30,117853.30892863822,42860287143.68828,554145.0,10499712187.637217,45,74.0
2025-07-31,117833.24087995924,43054424656.58649,584264.0,9759826295.827438,37,72.0
2025-08-01,115700.00243915782,45238249453.35885,636772.0,15497763392.27134,36,65.0
2025-08-02,113234.6051343189,65794680822.25255,526686.0,3157274637.023201,38,55.0
2025-08-03,112554.90232221724,33543439044.09785,462597.0,3752362442.6492014,38,53.0
2025-08-04,114199.10966460756,24689273719.085533,542397.0,11845762258.67677,48,64.0
2025-08-05,115138.68613070175,32488023582.82734,569616.0,9313301817.800478,52,60.0
2025-08-06,114128.35408881678,37316213251.97167,665517.0,7655906247.251752,57,54.0
2025-08-07,115022.09576830892,32052509631.058872,634516.0,8976136352.994701,69,62.0
2025-08-08,117463.47451085236,38289687095.00489,749938.0,10640830372.69743,71,74.0
2025-08-09,116688.36663186055,33017415812.97353,591211.0,3986623481.743232,86,67.0
2025-08-10,116510.08393213755,27638785406.21056,489536.0,4258627456.348864,84,69.0
2025-08-11,119266.92516880557,37157754754.85189,552696.0,11718980185.323074,76,70.0
2025-08-12,118773.79960860992,61739781527.95854,543783.0,11498642440.824318,78,68.0
2025-08-13,120202.53485503166,46941089789.57991,562007.0,12888456394.703356,91,73.0
2025-08-14,123560.99363577303,61818118105.53991,630373.0,14413520594.360931,99,75.0
2025-08-15,118405.59579823952,73822008367.99681,555918.0,14017254389.700182,98,60.0
2025-08-16,117339.79190213275,44268714220.021,475351.0,5504971480.001399,97,56.0
2025-08-17,117501.21653394958,23202714236.542347,434867.0,4633178834.210024,100,64.0
2025-08-18,117542.83687778088,20906566026.645443,506163.0,10854550547.181856,96,60.0
2025-08-19,116256.41276740946,47337926940.98573,508055.0,14441863554.129671,80,56.0
2025-08-20,112778.34483555844,46156885037.403885,534876.0,11774848315.666763,62,44.0
2025-08-21,114252.39755195397,42166369117.006935,536698.0,14001832264.62955,60,50.0
2025-08-22,112414.39987336512,32048202090.65466,559414.0,15328705213.824976,76,50.0
2025-08-23,116834.24948202296,50878158870.82928,487009.0,8101157832.036867,70,60.0
2025-08-24,115359.98346714744,27306719885.257973,443678.0,11032407922.931696,56,53.0
2025-08-25,113399.54847314973,40682656776.69001,525919.0,11581188386.265312,56,47.0
2025-08-26,110185.35443900424,52854872363.93656,528702.0,12519504863.175749,61,48.0
2025-08-27,111842.70999260596,43023800053.0546,526965.0,10326963402.219948,53,51.0
2025-08-28,111216.08479629167,36957904262.99581,547915.0,10466099084.99234,48,48.0
2025-08-29,112525.59740669793,34222495087.20689,597526.0,23005469326.788795,63,50.0
2025-08-30,108480.30666639366,51702115726.38959,495905.0,9170965525.438211,57,39.0
2025-08-31,108781.95727925688,27799981330.792213,446532.0,4626001308.177331,59,48.0
2025-09-01,108253.36092385623,26140904019.246822,521197.0,9872635249.510498,61,46.0
2025-09-02,109162.68557992298,42999610648.39302,544795.0,11472795453.89586,54,49.0
2025-09-03,111190.18209845416,50235464642.84596,541497.0,10987680372.68799,55,55.0
2025-09-04,111711.51977725116,36406080683.42747,540435.0,10787959326.746689,57,51.0
2025-09-05,110724.736377486,38708366685.43147,587857.0,12937939673.7636,59,48.0
2025-09-06,110662.18112628513,56020470627.40665,481276.0,3437337619.624412,58,48.0
2025-09-07,110209.1888247784,19340758702.07633,458587.0,2596166281.3931866,60,44.0
2025-09-08,111131.9923868407,22147049159.335133,511832.0,7661404614.42701,62,51.0
2025-09-09,112025.12878118773,37159847899.8603,549610.0,10652209784.065067,62,48.0
2025-09-10,111547.43956434788,45338021458.38368,542027.0,11031790195.23848,60,49.0
2025-09-11,113975.32489468766,52205187155.05567,537753.0,12917697920.895584,31,54.0
2025-09-12,115503.16663193036,43752917632.95067,543345.0,13838292752.335754,30,57.0
2025-09-13,116160.14344594492,51192951485.8644,526152.0,5789043918.79074,37,52.0
2025-09-14,115970.58488443034,30063858747.76022,494770.0,3898286436.661168,34,55.0
2025-09-15,115373.55555886828,26889399414.610912,549560.0,12687401399.611538,31,53.0
2025-09-16,115397.25272727507,46947581231.08198,546260.0,11014563418.224216,29,52.0
2025-09-17,116762.8496864193,39964451595.09973,517428.0,12962249455.147718,30,53.0
2025-09-18,116455.9464822532,54740952295.37868,536964.0,13510976822.137203,29,52.0
2025-09-19,117145.49508952006,43642467075.25838,553195.0,11918810025.118149,31,53.0
2025-09-20,115655.81046441344,34296721252.33001,535837.0,6506869820.089035,33,48.0
2025-09-21,115715.51536781774,18774953731.290398,467555.0,3521336291.7833223,32,49.0
2025-09-22,115304.47999407038,18659113982.495464,515742.0,15430507426.449469,32,45.0
2025-09-23,112696.74101711863,69152342029.46799,506650.0,13380103763.332315,28,43.0
2025-09-24,112022.16587861197,46154878824.043465,502339.0,11030120453.67821,31,44.0
2025-09-25,113320.56908541008,46677543220.334526,542099.0,14251956295.883837,33,44.0
2025-09-26,108963.53013595636,74481796351.47305,553168.0,16962966523.57071,31,28.0
2025-09-27,109710.20874667744,55257214020.568245,484214.0,5814233429.462753,31,33.0
2025-09-28,109654.81021075726,23294896964.31016,458537.0,4533682940.126207,32,37.0
2025-09-29,112142.57362752674,31274654338.51212,521335.0,12421806232.98834,30,50.0
2025-09-30,114309.15041119448,57833295882.65785,561370.0,18752461459.12848,31,50.0
2025-10-01,114024.22783550054,57718901820.70616,577245.0,17914942537.91964,32,49.0
2025-10-02,118503.24451752484,69920179085.4708,595776.0,18501831007.64977,34,64.0
2025-10-03,120611.71911591051,71252850672.75252,595427.0,23124603287.08565,34,63.0
2025-10-04,122250.15186842805,83155430408.51796,544104.0,8476077417.44032,27,71.0
2025-10-05,122380.93708463266,35161626561.80918,497949.0,7752284226.2383795,31,74.0
2025-10-06,123506.18520027678,72011486031.26575,550307.0,16874408670.71981,27,71.0
2025-10-07,124773.50823074432,69605991064.72382,561921.0,19430972127.380543,31,70.0
2025-10-08,121518.75593575073,76087884719.80028,546778.0,19009027532.640343,27,60.0
2025-10-09,123352.50487523204,62576032795.36722,543331.0,15183418026.848043,28,70.0
2025-10-10,121698.03066778315,72097306668.91356,584389.0,15376547532.03535,29,64.0
2025-10-11,113201.74064138904,151002213089.8765,546781.0,13979800173.011082,40,27.0
2025-10-12,110853.11663883904,108643865752.17674,465507.0,5559262421.031401,37,24.0
2025-10-13,115189.5714637257,93857100744.12454,504968.0,9071959222.90638,32,38.0
2025-10-14,115222.28302116522,68935270367.04033,524219.0,19576688920.433247,28,38.0
2025-10-15,113156.56943826911,91211854988.91518,542831.0,21854225093.273422,28,34.0
2025-10-16,110708.66960879424,68877328886.40259,556999.0,13182320922.085176,29,28.0
2025-10-17,108076.72862033188,84773160808.27399,591614.0,16097643605.953632,28,22.0
2025-10-18,106443.61194984637,94325236794.78165,481991.0,5298430674.653136,32,23.0
2025-10-19,107156.00337647724,34412835719.61292,443995.0,5022667331.842184,31,29.0
2025-10-20,108621.134857428,45373692612.3944,507550.0,11951029124.0078,31,29.0
2025-10-21,110608.5714932665,60452111148.14008,538842.0,14951638311.044374,31,34.0
2025-10-22,108486.1026271664,105841401713.00195,507518.0,15261276545.14424,29,25.0
2025-10-23,107618.4266715404,83996418125.93103,527286.0,12186213034.972124,28,27.0
2025-10-24,110048.51827291628,56192643013.57058,546753.0,12416172617.763529,29,30.0
2025-10-25,110997.80437129698,49120903424.344864,461245.0,4877663200.916018,26,37.0
2025-10-26,111620.3093731354,23214874411.21217,433092.0,6847085319.891039,29,40.0
2025-10-27,114476.01227508576,42483268634.18711,522563.0,16107727421.004858,30,51.0
2025-10-28,114182.79442806762,63764801510.65889,504390.0,14459499246.59532,25,50.0
2025-10-29,112950.34863259472,66299512352.17796,517043.0,13004147601.963224,25,51.0
2025-10-30,110046.66925837284,64235327509.05742,540811.0,14514069160.323538,25,34.0
2025-10-31,108240.76528725718,72648897659.94229,572374.0,15203643065.771168,25,29.0
2025-11-01,109573.90555629117,58800487940.5146,498680.0,7076005652.664974,26,33.0
2025-11-02,110014.13556776088,24938475577.84992,446508.0,3304825232.249682,25,37.0
2025-11-03,110650.2092823146,35098774843.7742,547702.0,14288895727.776064,28,42.0
2025-11-04,106521.0867382576,75068433317.86293,582796.0,17542018755.260174,27,21.0
2025-11-05,101635.2740227234,108965721650.60307,550413.0,13419921893.468369,27,23.0
2025-11-06,103877.9596595516,77083907216.62631,534781.0,15636906418.271948,26,27.0
2025-11-07,101322.6402945857,64118217249.57436,569444.0,21461779028.83144,27,24.0
2025-11-08,103396.084215925,93627003785.31018,470481.0,4367137226.846394,26,20.0
2025-11-09,102290.13714655169,51095924202.31797,442498.0,3067078992.712991,25,22.0
2025-11-10,104709.67861656273,59952468437.71812,526898.0,11484375771.963436,26,29.0
2025-11-11,105909.07272321742,67546556819.52642,506473.0,10951056954.68874,27,26.0
2025-11-12,102960.77564500563,71008299178.73956,504920.0,10604955346.718937,27,24.0
2025-11-13,101521.70859453591,63332414142.58827,,,25,15.0
2025-11-14,99730.4533956204,100463341916.4732,,,26,16.0
2025-11-15,94456.39368235336,113198323665.38872,,,22,10.0
2025-11-16,95508.31019889197,39062120798.23745,454407.0,4776084095.964514,22,10.0
2025-11-17,94411.32947182968,72645149972.7847,515090.0,19283577618.702053,25,14.0
2025-11-18,92036.7255045672,95794596045.06412,517212.0,21605870788.45369,27,11.0
2025-11-19,92819.759215009,103837258806.01602,535320.0,17471565470.769844,30,15.0
2025-11-20,91363.27838693369,82897875507.45229,545087.0,15177174553.160692,32,11.0
2025-11-21,86649.97257918229,99171039191.1295,603204.0,21796370449.69496,35,14.0
2025-11-22,85051.8019295002,135093457122.46468,485120.0,58388673977.72743,30,11.0
2025-11-23,84682.62429147748,42644968955.2184,442816.0,17954745701.83514,27,13.0
2025-11-24,86783.84766839583,60446592409.29218,503446.0,14112416699.0278,27,19.0
2025-11-25,88229.35740719768,77606296173.43544,513166.0,11012928544.071535,28,20.0
2025-11-26,87310.33159950442,67956444142.18749,535443.0,9204012840.881037,39,15.0
2025-11-27,90474.22677969698,69690430587.90018,525809.0,9062460320.883312,41,22.0
2025-11-28,91279.06057176425,59295194347.668594,543603.0,9697972473.083769,39,25.0
2025-11-29,90950.37695910994,62833195066.53989,475990.0,3552877104.767845,39,28.0
2025-11-30,90841.45258193676,39253888201.69327,450764.0,3541872047.362618,39,28.0
2025-12-01,90406.28448571144,40334819409.84348,557926.0,13435643673.40069,53,24.0
2025-12-02,86281.49519776918,92988982967.24596,546016.0,10845653512.26919,46,23.0
2025-12-03,91344.73275150164,83138039128.81346,542787.0,12509377018.149723,49,28.0
2025-12-04,93619.43750817105,81429135004.88295,540083.0,8105660617.511551,45,26.0
2025-12-05,92140.70419795792,67878296355.02588,534245.0,10280986733.847937,36,28.0
2025-12-06,89307.09154512963,50193142876.74388,465393.0,3044783369.686914,37,23.0
2025-12-07,89244.7620814118,24818678152.49986,438543.0,2501885859.6408043,38,20.0
2025-12-08,90162.90714007126,33912893266.90874,477476.0,13483240526.988363,37,20.0
2025-12-09,90618.0535204608,45466493941.40448,507794.0,9695891171.237087,35,22.0
2025-12-10,92723.21372069632,54575121853.64529,511694.0,11784957025.173037,36,26.0
2025-12-11,92005.13714957412,52189659395.756485,513356.0,10736904008.783625,35,29.0
2025-12-12,92494.17691640416,53232377699.4084,537832.0,10803224575.612886,32,29.0
2025-12-13,90307.26028567804,67750393558.62937,463369.0,4017753379.585289,28,23.0
2025-12-14,90257.4292885891,35222775785.402145,429658.0,2848683491.374594,28,21.0
2025-12-15,88230.77409367911,33808538697.04244,507663.0,8379084323.59204,26,16.0
2025-12-16,86413.9190195637,50630498834.055145,507318.0,10531766894.152073,28,11.0
2025-12-17,87821.88919109134,48317754254.70281,511367.0,12489831561.278055,33,16.0
2025-12-18,86064.94716216,48886793507.656334,518421.0,9848892393.375822,38,17.0
2025-12-19,85450.3312009302,58649139178.511856,556166.0,8969389739.72798,29,16.0
2025-12-20,88103.86075721023,51932451056.500565,488594.0,4973933952.339513,26,20.0
2025-12-21,88347.94310567998,17103607834.780054,436144.0,2519189997.1456137,24,20.0
2025-12-22,88577.42038358838,22541294542.323105,497545.0,8820610202.54576,23,25.0
2025-12-23,88491.12020788102,41948947368.21024,520980.0,12185261277.52939,23,24.0
2025-12-24,87406.43636737975,46353794741.51,513917.0,11504123666.75912,21,24.0
2025-12-25,87642.60888119951,29100645180.040016,431619.0,3024468762.6361117,23,23.0
2025-12-26,87229.78066010943,22773603342.32636,477921.0,9450221823.643654,23,20.0
2025-12-27,87305.95655961394,47130449135.78671,457336.0,3357464428.844272,27,23.0
2025-12-28,87807.003210775,15670944599.660688,435884.0,2110737904.6223104,25,24.0
2025-12-29,87822.90829076794,17428479525.19913,516338.0,17986843413.77039,23,24.0
2025-12-30,87156.56266080117,53957962807.98879,539847.0,12213235203.81842,25,23.0
2025-12-31,88414.62856073362,39734225800.079216,547272.0,17317990785.43975,23,21.0
2026-01-01,87520.18048742875,37245075349.02766,441382.0,5461748379.32022,22,20.0
2026-01-02,88727.67004249741,21163124465.205837,518434.0,8968206910.814333,25,28.0
2026-01-03,89926.27924953419,50705395175.73333,473968.0,2473500733.0217514,26,29.0
2026-01-04,90593.85443180415,23480735292.761147,460281.0,2506209767.970672,25,25.0
2026-01-05,91373.21588108438,31050236622.94897,519989.0,11806112633.600658,24,26.0
2026-01-06,93926.7956485658,59451605754.8414,517888.0,11114364069.907026,28,44.0
2026-01-07,93666.86387314304,57439451725.50999,485087.0,9963351045.469955,26,42.0
2026-01-08,91257.15544035909,47910812257.04945,476585.0,9338603708.545889,24,28.0
2026-01-09,90983.51578142623,48319133568.46919,512937.0,12518853021.095198,25,27.0
2026-01-10,90504.8956034002,43664879516.319695,451552.0,8121569827.731763,23,25.0
2026-01-11,90442.01907847,13961660357.407768,412668.0,4985913693.124658,23,29.0
2026-01-12,90819.36598904192,19870776213.77465,469584.0,10984133269.750414,23,27.0
2026-01-13,91134.96917951509,46923085427.627655,489392.0,14002042935.92521,26,26.0
2026-01-14,95260.4422971001,66844465446.74208,501548.0,13059243547.161377,27,48.0
2026-01-15,97007.78078881276,68433627980.994,516730.0,13357960101.245293,30,61.0
2026-01-16,95584.82797878512,59629891835.2242,517080.0,9372781612.330635,25,49.0
2026-01-17,95516.07771987125,37208122951.606445,451781.0,2998686754.598215,27,50.0
2026-01-18,95099.53192554633,17839431205.011776,411852.0,2353607702.805856,26,49.0
2026-01-19,93752.70577188236,23132534225.645782,460095.0,5014634720.103577,28,44.0
2026-01-20,92558.46334372148,43338958368.50777,466340.0,9822935837.808208,26,32.0
2026-01-21,88312.84053255555,60578606228.98298,503455.0,13390535599.00566,29,24.0
2026-01-22,89354.34377512129,62357735672.95213,478520.0,10568754612.948172,27,20.0
2026-01-23,89443.39744146909,39301750755.698135,500192.0,6994781333.942334,26,24.0
2026-01-24,89412.39849953113,43393369570.58639,421686.0,2116227259.4964583,27,25.0
2026-01-25,89170.87364531498,16537403154.850498,419735.0,3966994210.6755815,31,25.0
2026-01-26,86548.32213469829,39912523619.12114,465362.0,7681814789.554701,29,20.0
2026-01-27,88307.8612070438,50644433646.50017,475414.0,6067747727.70262,28,29.0
2026-01-28,89204.22239644526,43778458930.62677,485652.0,8693559628.841545,30,29.0
2026-01-29,89162.09701574955,45893249753.273575,521611.0,9789073414.457756,31,26.0
2026-01-30,84570.40906135936,70962598615.0189,580888.0,14841644208.141388,33,16.0
2026-01-31,84141.77856967277,79515463845.849,527605.0,8589408432.090025,32,20.0
2026-02-01,78725.85853884545,78488542272.81866,467476.0,7846770887.604803,39,14.0
2026-02-02,76937.06406636834,58330740751.53287,521176.0,15680747255.192636,33,14.0
2026-02-03,78767.65815345927,84675130404.55545,550746.0,13344411909.709486,32,17.0
2026-02-04,75638.95670207398,73734215653.24066,532371.0,14008595911.570456,35,14.0
2026-02-05,73172.29203248928,74109194166.40112,619296.0,21139302346.193317,52,12.0
2026-02-06,62853.69038445987,142403234254.4544,646236.0,18901527089.30478,44,9.0
2026-02-07,70523.95417035831,128662818793.5602,481546.0,6122926408.364181,33,6.0
2026-02-08,69296.80677355142,68978204828.46071,442633.0,4243821725.8114414,37,7.0
2026-02-09,70542.37329463876,42782981463.70375,481228.0,11888159988.016224,42,14.0
2026-02-10,70096.40692272567,56115089203.17752,486763.0,9547620583.00854,40,9.0
2026-02-11,68779.90981269129,43014177103.90287,490231.0,8491239760.042006,35,11.0
2026-02-12,66937.58141157958,54917156057.4172,504187.0,9661389136.315762,34,5.0
2026-02-13,66184.57765470445,47600564765.981926,521603.0,9201319258.50435,51,9.0
2026-02-14,68838.87490510389,43307347077.16525,458016.0,3840029082.300078,45,9.0
2026-02-15,69765.59638824302,38886730356.77217,399280.0,1929666958.9573796,51,8.0
2026-02-16,68716.58337486399,44139541277.476685,440304.0,4693867812.997321,53,12.0
2026-02-17,68907.78353606178,36789211960.55089,446864.0,6373218850.178365,59,10.0
2026-02-18,67489.45540267964,38338996657.38213,454158.0,5723969492.006945,48,8.0
2026-02-19,66456.3537620677,36348385076.441895,473222.0,5598066692.030261,49,9.0
2026-02-20,66918.68417467622,34180839195.07364,493761.0,10586854048.32113,35,7.0
2026-02-21,67970.29403133177,53528257484.904335,447339.0,2476187168.520625,37,8.0
2026-02-22,67977.90904199042,20679811587.41801,408828.0,1845861126.4781623,38,9.0
2026-02-23,67585.11718938159,20354767532.065254,458764.0,6005967073.087472,36,5.0
2026-02-24,64577.553200674425,56724400502.91585,501015.0,7724802994.709144,35,8.0
2026-02-25,64074.11098528222,44864477921.16241,509923.0,6898606940.395969,52,11.0
2026-02-26,67947.39185585188,54747624390.78176,521846.0,7443589778.407508,48,11.0
2026-02-27,67469.06040327046,45543276394.82464,549158.0,5797244770.140323,37,13.0
2026-02-28,65883.99096235317,43031961580.21165,498805.0,2721602956.984004,27,11.0
2026-03-01,67008.45435746174,46319353202.33809,447977.0,1947434580.0901265,24,14.0
2026-03-02,65713.4989891121,43467491553.81901,515250.0,7000359941.529199,83,10.0
2026-03-03,68864.03691918531,60995565405.364334,504537.0,8081339725.646691,100,14.0
2026-03-04,68321.6178484252,52704039830.20494,516794.0,12288634029.364828,86,10.0
2026-03-05,72669.7701652216,81081561357.69708,522467.0,9278661021.10245,90,22.0
2026-03-06,70874.98687140146,55313274475.72516,531723.0,7534725006.097888,78,18.0
2026-03-07,68148.28339966535,46427994894.47989,458399.0,2032123513.9378915,72,12.0
2026-03-08,67271.1907777184,24588849466.218872,413093.0,1488615216.0636604,75,12.0
2026-03-09,66036.15782362667,35845854760.95391,468702.0,6914157660.480911,78,8.0
2026-03-10,68459.31537095344,52419546997.01177,484745.0,7287177982.124621,78,13.0
2026-03-11,69883.00887579883,57031319359.51854,475423.0,8029010340.4647455,71,15.0
2026-03-12,70226.818790692,48188681300.73879,496301.0,6108416530.594537,72,18.0
2026-03-13,70544.42535461926,43093376170.49169,525035.0,7726566054.216646,73,15.0
2026-03-14,70965.28228600459,62328257621.5837,440249.0,2145316489.773932,72,16.0
2026-03-15,71217.1010283798,23763781398.02588,406808.0,3517233731.097687,69,15.0
2026-03-16,72681.9132538886,29137209887.5333,477639.0,10195572100.645723,77,23.0
2026-03-17,74858.14870100339,56424669615.78771,488604.0,7906826040.114284,77,28.0
2026-03-18,73926.27899152413,47796151709.5938,472748.0,6375312014.41345,43,26.0
2026-03-19,71255.86350265636,46235388353.26782,486162.0,5718618497.256258,44,23.0
2026-03-20,69871.4514796119,46069506172.99344,496098.0,5101822416.933103,43,11.0
2026-03-21,70552.62530009366,39288514955.56232,458834.0,1218707789.7153096,42,12.0
2026-03-22,68733.54779458739,22788052215.99816,432406.0,3563696747.3545766,41,10.0
2026-03-23,67848.87605821833,30380203636.611057,476303.0,6351371463.8087845,65,8.0
2026-03-24,70892.82823994374,52502731112.03615,460523.0,6967432240.095557,36,11.0
2026-03-25,70524.51175942823,40395077210.95709,501248.0,8326071521.44758,42,14.0
2026-03-26,71309.26403856269,36566429238.80042,491918.0,6233836622.328477,38,10.0
2026-03-27,68791.11093800364,52234708975.603966,507433.0,8652009474.541578,39,13.0
2026-03-28,66321.016242762,48874426380.128494,432914.0,2709136323.610358,40,12.0
2026-03-29,66321.06539994745,23637115348.524387,382086.0,1979365473.9460344,40,9.0
2026-03-30,65970.42899513361,25095464001.8946,459981.0,7311067757.215472,38,8.0
2026-03-31,66699.27436893585,37098483334.61913,485131.0,7319725452.480144,42,11.0
2026-04-01,39324.233670499874,107713368060.54324,485131.0,6468951665.080635,41,8.0
