date,crypto_index,volatility,google trends,total count,dollarVolume,address #,blockUsd,CryptoSent,DeltaCryptoSent
2025-05-01,75.52544979036014,38.026147339681785,28.999999999999996,67.08860759493672,17.577027360233803,74.13666196405569,14.97304296779483,-0.5246820055704928,
2025-05-02,77.28158532210813,39.922209221287794,27.0,84.81012658227847,20.004717670918705,81.74342412306083,17.752106015469042,-0.25769158041416135,0.2669904251563315
2025-05-03,77.62510608844858,41.37914529665475,22.0,82.27848101265823,15.41459275012736,68.68967834674334,9.8998076292358,-0.7678255462682992,-0.510133965854138
2025-05-04,76.87759187363199,42.35082798983106,27.0,81.0126582278481,9.137319633474851,59.48318394320597,4.604985198516489,-1.1092637494940476,-0.34143820322574836
2025-05-05,75.59827548557323,42.808692523607334,26.0,65.82278481012658,9.869473195565915,70.92146284092819,21.093422366490465,-0.43281159422655613,0.6764521552674915
2025-05-06,75.94466570204678,43.18030402415899,28.000000000000004,74.68354430379746,15.951061766139544,70.26167496513045,16.599594538356037,-0.6687443372457418,-0.23593274301918565
2025-05-07,77.62427566679071,42.33177799978349,28.000000000000004,84.81012658227847,15.46205987933112,74.58483234614062,15.192139689840367,-0.4936518310419533,0.17509250620378847
2025-05-08,77.76209481121296,41.477247716873784,33.0,82.27848101265823,42.63260300282076,78.96666124399617,17.731053331766773,0.3755470940132808,0.8691989250552341
2025-05-09,82.61070560307547,41.05247930877036,34.0,92.40506329113924,33.12537392474116,80.4137142003739,20.55356173826203,1.1241399618736299,0.7485928678603491
2025-05-10,82.51955236083755,42.50348532987348,32.0,88.60759493670885,27.020064188694885,67.12688248895242,6.236743908828248,0.4143944103238617,-0.7097455515497681
2025-05-11,83.85664616075566,42.92360853829042,37.0,88.60759493670885,14.277269252478128,62.28848251455453,6.854833820586505,0.5198138244740189,0.10541941415015721
2025-05-12,83.34626724162409,43.89285539470171,35.0,88.60759493670885,18.138433529548738,70.98826836351805,18.171629450166066,0.6910904576917793,0.17127663321776043
2025-05-13,82.45085987191321,44.542572926772614,35.0,88.60759493670885,28.536406809957438,71.33883067666928,20.791686081326645,0.6890965615432761,-0.0019938961485032047
2025-05-14,83.49888679898179,44.68978011364692,36.0,92.40506329113924,22.42446109008608,71.3965687830194,15.732709409509157,0.8763151972711435,0.18721863572786734
2025-05-15,83.0259782063107,44.49256542148914,34.0,88.60759493670885,18.80650969658015,72.10982774576031,22.79611550393651,1.0825352497795984,0.20622005250845488
2025-05-16,83.1176848633983,43.54359080778653,30.0,89.87341772151899,21.074751039839835,71.87967538649862,15.859886716370037,1.0659236752912007,-0.016611574488397673
2025-05-17,82.99520980713127,42.23395049793275,28.000000000000004,93.67088607594937,17.14408858811834,63.228293538932554,5.157876451177159,0.5811821187273122,-0.4847415565638885
2025-05-18,82.71977465599811,40.69072155823498,28.000000000000004,93.67088607594937,12.54952203859422,57.63529785128904,7.325432245628124,0.5763540251950025,-0.00482809353230973
2025-05-19,84.97848556686638,39.22171027087605,25.0,93.67088607594937,20.360006354015557,66.62550770863724,18.95286236518194,1.0986879377451577,0.5223339125501553
2025-05-20,84.65692541803497,37.2954067858111,26.0,89.87341772151899,28.70139004383669,71.47657539689948,18.60124004867271,1.1162552436701638,0.017567305925006105
2025-05-21,85.58444935351115,34.99222976584308,28.000000000000004,88.60759493670885,24.1014262967058,75.70639172838288,25.304884540090768,1.6298325345776912,0.5135772909075274
2025-05-22,87.89194539072106,34.45372807100271,32.0,91.13924050632912,40.21324050244068,81.71555515255929,27.476570089359804,1.5947767346600095,-0.03505579991768171
2025-05-23,89.41029111070182,36.691141929922196,32.0,98.73417721518987,34.58122048076974,76.17816406156243,26.390621487351517,1.5270521235787156,-0.0677246110812939
2025-05-24,85.92903260396419,36.762404040397,28.000000000000004,83.54430379746836,32.61657218801821,66.75445170134064,9.327417988872634,0.8184511037235298,-0.7086010198551858
2025-05-25,86.42168139120577,36.82430120169442,32.0,93.67088607594937,17.965452003256694,59.0444810104302,5.632593085471088,0.7699449494844745,-0.048506154239055355
2025-05-26,87.24753509064163,37.18543720712824,28.000000000000004,92.40506329113924,19.637235149262,68.87876064421326,15.784197128086797,1.3022151841061966,0.5322702346217222
2025-05-27,87.66100808062436,37.38142133194485,30.0,93.67088607594937,18.51004469800897,67.84720870258609,20.982471987687312,1.3621064290754124,0.05989124496921572
2025-05-28,87.41315243562244,36.89048606259135,34.0,89.87341772151899,25.813385586399356,72.81868634473783,18.043025763042706,1.2836863865086505,-0.07842004256676183
2025-05-29,86.42714774964553,36.21079008802464,39.0,93.67088607594937,19.731020776199745,72.29317623590217,17.71133965729691,1.387003861430225,0.10331747492157439
2025-05-30,84.74989451128104,34.64124644485731,33.0,75.9493670886076,25.3501131601189,79.28615432209062,20.617414195082894,1.679623640301085,0.29261977887086
2025-05-31,83.359778078916,32.671226147631316,30.0,63.29113924050633,26.277800520706702,67.56171843539066,5.51393631957017,0.6914639296403111,-0.9881597106607738
2025-06-01,83.9020308988585,31.382829244315303,28.000000000000004,70.88607594936708,13.531387479025675,60.37832460816761,4.634318358294001,0.9042977113669372,0.21283378172662604
2025-06-02,84.7215145563897,30.145000820485368,28.000000000000004,81.0126582278481,11.735921047055156,68.8259562790524,21.692735088802483,1.6357766294559581,0.731478918089021
2025-06-03,84.86155766045967,28.306693067759586,37.0,81.0126582278481,17.426130730334094,74.78124858321621,19.59162341122271,1.7151331781909094,0.07935654873495124
2025-06-04,84.5006916504016,25.165319838945493,31.0,78.48101265822784,17.169060367114913,72.73801300907542,23.3726617912935,1.7525432409263075,0.03741006273539815
2025-06-05,84.00254164928633,21.61164586356181,46.0,72.15189873417721,17.09388427799702,75.01393448525077,18.069487522979937,1.799866702250268,0.04732346132396037
2025-06-06,81.46820602860603,19.389474662234964,39.0,56.9620253164557,26.29891332015568,72.5223951846686,19.619493117767238,1.2752321607409869,-0.524634541509281
2025-06-07,83.67942134519926,16.281927585724855,39.0,65.82278481012658,19.799306491153995,63.20349148862972,6.298858701576239,0.7159677500066207,-0.5592644107343662
2025-06-08,84.69863203552674,15.959495021290865,44.0,78.48101265822784,11.75461666788008,58.20401153161995,4.049485051332931,0.8198284918230063,0.1038607418163856
2025-06-09,84.70728194284064,15.575749097270473,44.0,78.48101265822784,10.625459963769082,67.58452032034648,15.869454530812524,1.5859764375200105,0.7661479456970042
2025-06-10,88.36937938426611,16.44891626719399,39.0,89.87341772151899,25.312869603278475,74.45042123482209,19.17499583059171,1.7172504153286687,0.13127397780865824
2025-06-11,88.33023458575761,17.054315715625336,41.0,91.13924050632912,24.041925240610073,69.24839120033923,14.938907844604591,1.4230344657709368,-0.2942159495577319
2025-06-12,87.10180360612634,16.788454662507185,39.0,89.87341772151899,20.09171654561706,73.2280535190909,10.920556137658838,1.3707120807655073,-0.05232238500542952
2025-06-13,84.93728398481123,16.565290591794092,39.0,77.21518987341773,23.751413159780405,75.71785934303902,19.722203790022387,1.2710456992499735,-0.09966638151553386
2025-06-14,84.99044862318162,16.176251063642187,40.0,79.74683544303798,32.76178176031001,63.336435812027126,6.65431678282303,0.5877882922935669,-0.6832574069564066
2025-06-15,84.53950490934265,15.836777392145976,40.0,75.9493670886076,11.864999915731326,58.62737986340204,5.404941859770803,0.9945697920685787,0.40678149977501177
2025-06-16,84.59687903895005,15.424293129468007,39.0,77.21518987341773,10.972317235369347,70.3711506817897,20.410811453692514,1.735588806469889,0.7410190144013103
2025-06-17,85.71632996033432,14.794157084584855,37.0,86.07594936708861,21.255289147729705,69.13118151100491,16.14526322605954,1.6599315381485882,-0.07565726832130082
2025-06-18,83.89875886535589,14.99093043960242,36.0,65.82278481012658,25.564666385328284,70.14513199757847,17.558241432726994,1.6067114088592453,-0.05322012928934283
2025-06-19,83.93023209641805,15.135481721836195,38.0,72.15189873417721,20.09197467330958,66.80778944392736,9.000838209065405,1.369038336639494,-0.2376730722197513
2025-06-20,83.90454953865387,15.332923184922805,39.0,68.35443037974683,11.962263524840546,72.53106256783894,14.850734750526923,1.6025467788068437,0.23350844216734967
2025-06-21,82.7820797935264,15.352100646795508,34.0,62.0253164556962,20.286292895041765,60.75528910389926,5.60410811712581,0.894525687062191,-0.7080210917446527
2025-06-22,81.37349812827911,15.02656137825846,39.0,53.16455696202531,14.333871508119387,57.888252095506566,8.932945903092305,0.8875583645207131,-0.006967322541477916
2025-06-23,80.82852207696291,16.262410213030925,35.0,59.49367088607595,33.964497168991265,63.72660139904899,16.51286123466435,0.8799799598891901,-0.007578404631523039
2025-06-24,84.56252122382273,16.068752919232587,38.0,82.27848101265823,33.11991003662753,0.0,0.0,-1.1052863995383486,-1.9852663594275386
2025-06-25,84.93475161578559,15.582736063817409,46.0,83.54430379746836,20.996143320144895,68.80568793686945,20.337035119378193,1.2960741472728867,2.4013605468112353
2025-06-26,85.94655385648522,14.995078704244868,40.0,93.67088607594937,20.177369826957523,72.09689334318303,20.199034164347342,1.5643559936967184,0.2682818464238317
2025-06-27,85.74256992110098,14.447618275567558,37.0,82.27848101265823,16.106187562082646,69.92298029970478,22.072265441732785,1.5626337674520347,-0.0017222262446836556
2025-06-28,85.81863019225133,14.28665776696763,38.0,82.27848101265823,16.684726499268713,60.97504060335655,5.713974875331755,0.7855511111073543,-0.7770826563446804
2025-06-29,86.02113301659105,14.460219424281753,41.0,86.07594936708861,5.934269114481473,58.96607452882772,5.974023070577983,0.7713582666010642,-0.014192844506290103
2025-06-30,86.87470429437673,14.727017000888765,40.0,83.54430379746836,9.854874555056762,69.4898778299006,24.21070841059379,1.5899421313874385,0.8185838647863742
2025-07-01,85.861815241179,14.767652149320575,36.0,81.0126582278481,14.893500646265206,72.34038013809142,12.889268634483637,1.663687328394831,0.07374519700739257
2025-07-02,84.64408930966269,14.7690165103382,38.0,79.74683544303798,16.578009233155647,76.3903149327011,16.835344635181535,1.8287094647988205,0.16502213640398944
2025-07-03,87.21758791171425,15.236725581618366,37.0,92.40506329113924,24.102418122440998,76.18576468988103,19.116354218013708,1.993985064241005,0.16527559944218462
2025-07-04,87.84092584497361,15.894960302422223,35.0,92.40506329113924,19.795769165208764,70.29474436553423,28.426873063818945,1.9406939395571075,-0.05329112468389763
2025-07-05,86.58960822052852,16.00473330566864,34.0,84.81012658227847,16.058643306201667,56.834831679418826,4.826367078248364,0.9892418982459251,-0.9514520413111823
2025-07-06,86.73112588915679,15.131698816377199,13.0,83.54430379746836,6.650857676496004,58.164141569036374,4.8920204774965175,1.3079136932516768,0.3186717950057517
2025-07-07,87.53075814493457,15.319214571381186,12.0,92.40506329113924,9.694341028391658,65.78450485240113,16.713480640694662,1.748691401211152,0.44077770795947524
2025-07-08,86.79784538683421,15.435155059558964,16.0,82.27848101265823,16.88269724936448,69.50934610594476,14.033365501627873,1.5911627519991887,-0.1575286492119634
2025-07-09,87.32077299276565,15.655243833828356,18.0,83.54430379746836,13.568585995545298,72.28277537609775,13.243952785117546,1.7001249384008221,0.10896218640163347
2025-07-10,89.2236918886484,16.085891588599893,18.0,89.87341772151899,24.55491193271105,80.73414068896362,19.855694123428876,2.185219811648402,0.4850948732475797
2025-07-11,92.87199818636829,19.22687943109128,19.0,89.87341772151899,37.220703904907424,83.5586408476434,30.770658747226694,2.3630834077840914,0.17786359613568958
2025-07-12,94.22755420400253,23.218826113883775,19.0,100.0,42.506096176010274,66.93593337049197,12.100454235754153,1.1512575685534223,-1.211825839230669
2025-07-13,94.10567925439214,26.33287154575472,18.0,93.67088607594937,16.126423315332257,62.234211361472546,7.799839130819425,1.2790658874707432,0.12780831891732092
2025-07-14,95.46702529433702,29.820928356124355,19.0,93.67088607594937,18.086391514488273,79.79792996221022,48.605308946298116,2.8794135519297384,1.6003476644589951
2025-07-15,96.04095946834684,32.9711760676917,18.0,92.40506329113924,45.63903731515889,74.72231037765789,43.936051603609876,1.9090119954129483,-0.97040155651679
2025-07-16,94.31344570068522,34.60468599665973,19.0,88.60759493670885,53.17771133091887,72.34078017116082,26.235793166219285,1.1986345097525914,-0.7103774856603569
2025-07-17,95.17097372719029,36.55076402291307,30.0,93.67088607594937,33.35995070402049,79.28548760030829,50.927377434170616,2.438279031236428,1.2396445214838367
2025-07-18,95.72974816372837,38.105783148056524,28.999999999999996,92.40506329113924,32.63701650279365,77.43000088007275,29.22820973635078,1.8486508946536009,-0.5896281365828273
2025-07-19,94.5624983360733,38.822361296621246,32.0,93.67088607594937,39.00369938660352,63.64046094477144,10.335552446681803,0.9819828885221463,-0.8666680061314546
2025-07-20,94.49251546327655,39.258022190140764,38.0,91.13924050632912,15.850437312533769,60.70901861220528,6.400964783226453,1.0808966132154119,0.09891372469326554
2025-07-21,93.9758146460261,38.88623031994398,33.0,89.87341772151899,24.305705943675385,71.7117948417069,24.940340653342727,1.707037332503676,0.6261407192882642
2025-07-22,94.15658134771043,37.620857241405865,28.000000000000004,91.13924050632912,30.691195444804865,69.20892127082506,24.268906077170453,1.5228202702690539,-0.1842170622346222
2025-07-23,96.13883380135599,36.307152733141166,31.0,93.67088607594937,39.031878549926404,71.4327051036219,18.633296762281343,1.3293284244201427,-0.19349184584891121
2025-07-24,95.0755152783898,36.03119161916073,28.000000000000004,89.87341772151899,29.950345920227477,70.5120956665751,19.28648908603656,1.5386883138265839,0.20935988940644124
2025-07-25,94.85541991454825,35.58822434142401,28.999999999999996,88.60759493670885,34.39712131133984,77.01036619027172,39.0844522370765,2.1172892476707563,0.5786009338441724
2025-07-26,94.20333694031312,35.144354632722646,25.0,91.13924050632912,60.67308599084746,65.48968048025303,8.503245571300267,0.579521276732918,-1.5377679709378382
2025-07-27,94.53893219501612,34.5288565255184,30.0,92.40506329113924,16.652686440373227,60.95330547325245,5.777317073348663,1.1308639339227151,0.5513426571897971
2025-07-28,95.70854882959023,34.04633062396261,24.0,94.9367088607595,20.013218066864017,70.59050214817758,22.152306527296588,1.7913192519096466,0.6604553179869315
2025-07-29,94.57400347985256,33.13682221293194,33.0,92.40506329113924,28.763646118067044,74.87058930204897,22.75915404386129,1.7715199535130866,-0.019799298396560028
2025-07-30,94.45379119315253,32.36577300285514,45.0,93.67088607594937,28.383880121132954,73.89210841429558,17.982446718420714,1.6745544004915152,-0.0969655530215714
2025-07-31,94.437707611819,30.9416300223564,37.0,91.13924050632912,28.512446126177306,77.90830708671916,16.71527306742804,1.7345484252994312,0.059994024807916047
2025-08-01,92.72801901601835,28.34183547280834,36.0,82.27848101265823,29.958666517313258,84.90995255607797,26.542413684857813,2.1365471710591692,0.40199874575973804
2025-08-02,90.75212097500179,27.160581911867588,38.0,69.62025316455697,43.571997705153876,70.23060573007368,5.407340879547213,0.9484901880047442,-1.188056983054425
2025-08-03,90.20737167545923,26.327084612389,38.0,67.08860759493672,22.213872470950342,61.68469926847286,6.426524507270972,1.1209959073277778,0.1725057193230336
2025-08-04,91.52512523204727,24.453826640506122,48.0,81.0126582278481,16.35027276347962,72.3255789145236,20.287774069326144,1.9935139271720212,0.8725180198442435
2025-08-05,92.27815083773645,22.32719039265813,52.0,75.9493670886076,21.51493207817456,75.95507895319346,15.950528044793533,1.9268141672635557,-0.06669975990846555
2025-08-06,91.46841802168342,20.60889331180512,56.99999999999999,68.35443037974683,24.712361818009295,88.74293608271617,13.111971424752896,2.2028763957119684,0.27606222844841266
2025-08-07,92.18470923779584,17.873594642848886,69.0,78.48101265822784,21.226516469650164,84.60912768788886,15.373077930179885,2.2261048908697028,0.023228495157734397
2025-08-08,94.14135754973447,14.862852984731722,71.0,93.67088607594937,25.357037033765113,100.0,18.224134318851654,2.6533345863192315,0.4272296954495287
2025-08-09,93.52014565148568,12.978120711674332,86.0,84.81012658227847,21.865517820802776,78.83465033109404,6.827734233635693,1.6032042930507249,-1.0501302932685066
2025-08-10,93.3772605933904,12.900063706210151,84.0,87.34177215189874,18.303563133713784,65.27686288733202,7.29358481059757,1.2360336869349273,-0.36717060611579755
2025-08-11,95.58673700850392,13.140376355752018,76.0,88.60759493670885,24.60742395393609,73.69889244177519,20.070639367137062,1.9991602395840549,0.7631265526491275
2025-08-12,95.191520453974,13.269238846992625,78.0,86.07594936708861,40.8866732908153,72.51039419258659,19.693275523281308,1.5641434722834966,-0.43501676730055827
2025-08-13,96.33658342982588,13.565063759194446,91.0,92.40506329113924,31.08635882153633,74.94046174483758,22.07355556596422,1.7540537851863325,0.1899103129028359
2025-08-14,99.02822753630603,15.306680436919462,99.0,94.9367088607595,40.938551058682684,84.05668201904692,24.685473418798686,2.125321398883977,0.3712676136976445
2025-08-15,94.89642270799295,15.34760094580491,98.0,75.9493670886076,48.88803074962746,74.12852795831122,24.00680377678574,1.7990643836887261,-0.32625701519525085
2025-08-16,94.04223185352426,15.266318172169226,97.0,70.88607594936708,29.31659961412107,63.385373190850444,9.42814951081316,1.2947553541953398,-0.5043090294933863
2025-08-17,94.17160597636955,15.054888858594481,100.0,81.0126582278481,15.365810713470864,57.98706026364846,7.935064317400609,1.3939778767518018,0.09922252255646202
2025-08-18,94.2049626916062,15.037224783313214,96.0,75.9493670886076,13.84520504623456,67.49397950230552,18.590164509168957,1.9889328778734767,0.5949550011216749
2025-08-19,93.17395528577738,15.084491849923756,80.0,70.88607594936708,31.349161030381858,67.74626702474072,24.734015298306947,1.779101611570543,-0.2098312663029338
2025-08-20,90.38645016456285,16.096586939413964,62.0,55.69620253164557,30.567025537520642,71.32269600953678,20.16632253056187,1.7990147322199372,0.019913120649394322
2025-08-21,91.56783292545273,16.489153578394493,60.0,63.29113924050633,27.92433849423751,71.5656494270193,23.98039090589829,2.0220095446361883,0.22299481241625108
2025-08-22,90.09476568173154,17.02732719049364,76.0,63.29113924050633,21.22366383569463,74.59469982851917,26.25287434969351,1.8835349055999226,-0.13847463903626567
2025-08-23,93.63706377956508,16.869646393732335,70.0,75.9493670886076,33.69365112585906,64.93990169854041,13.874536412878777,1.1179707838199309,-0.7655641217799918
2025-08-24,92.45551007014373,16.827775612503203,56.00000000000001,67.08860759493672,18.08365541570243,59.16195738847745,18.894773885668386,1.496557164666514,0.378586380846583
2025-08-25,90.88431517324922,17.256587043197502,56.00000000000001,59.49367088607595,26.941761941247645,70.12833060866365,19.8346487380121,1.5379079898136447,0.04135082514713084
2025-08-26,88.30829236221992,18.831794160446012,61.0,60.75949367088608,35.002713723458704,70.49942795271076,21.441666697125815,1.2346831577437163,-0.30322483206992845
2025-08-27,89.63658358132773,19.148753013949772,53.0,64.55696202531645,28.492165229026707,70.26780880552792,17.686586624932097,1.0383733823796284,-0.1963097753640879
2025-08-28,89.13437345259153,19.85440622864814,48.0,60.75949367088608,24.475074574568303,73.06137307350741,17.92487887117401,1.2993636891218736,0.2609903067422452
2025-08-29,90.18388518707332,20.066485694389023,63.0,63.29113924050633,22.663571868869013,79.67671994218189,39.40056822589311,2.065864298314346,0.7665006091924724
2025-08-30,86.94177811028639,21.686012844369273,56.99999999999999,49.36708860759494,34.23930992032315,66.12613309366908,15.706754239591927,0.9611975480091701,-1.104666750305176
2025-08-31,87.18353665113416,23.11638108537161,59.0,60.75949367088608,18.41031383708639,59.542522181833704,7.922771649073476,0.679276026036153,-0.2819215219730171
2025-09-01,86.75989195051142,24.51362212988061,61.0,58.22784810126582,17.311603243647667,69.49867855742741,16.90847655364883,1.0352881316929718,0.35601210565681884
2025-09-02,87.48867217714825,25.367624522982346,54.0,62.0253164556962,28.476145990522443,72.645338681331,19.649008398910034,1.0329202815736895,-0.002367850119282311
2025-09-03,89.11361367897868,25.746120367956433,55.00000000000001,69.62025316455697,33.268032047282524,72.20556899370348,18.818170758389343,1.0238622675909488,-0.009058013982740754
2025-09-04,89.53144089742386,25.99694117732862,56.99999999999999,64.55696202531645,24.109633851365196,72.06395728713574,18.476116328419778,1.1141176628919651,0.09025539530101634
2025-09-05,88.74058119190025,26.424032936520586,59.0,60.75949367088608,25.634304222013128,78.3874133595044,22.15830364412595,1.3683337579731192,0.25421609508115406
2025-09-06,88.69044614954399,26.8218683587964,57.99999999999999,60.75949367088608,37.09910568930753,64.17543850291624,5.886993804544349,0.10404304607002385,-1.2642907119030953
2025-09-07,88.32739448262362,26.971767201583656,60.0,55.69620253164557,12.808261750816005,61.149988399040986,4.446352527860975,0.583597110084047,0.4795540640140232
2025-09-08,89.06697740783541,26.992877961643046,62.0,64.55696202531645,14.666705014550491,68.24990865911582,13.121388263329084,0.9509570379633027,0.36735992787925564
2025-09-09,89.78278351684963,26.872105034806747,62.0,60.75949367088608,24.608810122367387,73.28739175771864,18.24362339197563,1.1402448740536395,0.18928783609033684
2025-09-10,89.39993845333146,26.04242014866574,60.0,62.0253164556962,30.024739724442647,72.2762415026309,18.89371592758999,1.1681011277881084,0.027856253734468872
2025-09-11,91.34577244066303,25.16178611269082,31.0,68.35443037974683,34.57246492406251,71.70632772309177,22.123636385068593,1.1814528003210425,0.013351672532934122
2025-09-12,92.5702645294943,23.76325020850433,30.0,72.15189873417721,28.975017476670317,72.45198936445412,23.700303174575296,1.3487022591872695,0.167249458866227
2025-09-13,93.09680002835967,20.133331475283338,37.0,65.82278481012658,33.9021200009793,70.15939984372042,9.914669274727821,0.9456819483731028,-0.40302031081416667
2025-09-14,92.94487790626621,19.292356485207087,34.0,69.62025316455697,19.90954843149631,65.97478724907926,6.676442828874969,0.9208661159859556,-0.02481583238714724
2025-09-15,92.46638745262122,18.711605805805533,31.0,67.08860759493672,17.807288293587025,73.2807245398953,21.729216533417407,1.6929206283761826,0.772054512390227
2025-09-16,92.48537959986692,18.040032326543717,28.999999999999996,65.82278481012658,31.09065772641278,72.84068816355486,18.86421229984733,1.328937966986845,-0.36398266138933755
2025-09-17,93.57984025782872,17.732546607567052,30.0,67.08860759493672,26.46613634153355,68.99610367790405,22.19993805663786,1.442903231178526,0.11396526419168085
2025-09-18,93.33387201623809,17.79780022981263,28.999999999999996,65.82278481012658,36.25175497447635,71.60111902583947,23.139721972948063,1.4690722647844299,0.026169033605903946
2025-09-19,93.8865122497656,18.63460317367079,31.0,67.08860759493672,28.901872484002862,73.76543127565212,20.412880124088144,1.65696084383664,0.18788857905221024
2025-09-20,92.69260126158393,18.883462197023807,33.0,60.75949367088608,22.71272754917612,71.45083993610139,11.14406164211077,1.3156616448745153,-0.3412991989621248
2025-09-21,92.74045188648893,19.195594330684983,32.0,62.0253164556962,12.433561963833965,62.34582058783526,6.030855047550059,1.1643225428763362,-0.15133910199817913
2025-09-22,92.41102669072764,18.7997914388964,32.0,56.9620253164557,12.356848022743588,68.77128509290101,26.42722702066413,1.8101550249560547,0.6458324820797186
2025-09-23,90.32104860649422,18.54215441167745,28.000000000000004,54.43037974683544,45.79558180932655,67.55891820390487,22.915580799858898,1.0190550061432373,-0.7911000188128174
2025-09-24,89.78040889212538,18.55446287044973,31.0,55.69620253164557,30.565696938873398,66.98407068317648,18.890856226475854,1.1714992662571955,0.15244426011395817
2025-09-25,90.82101697088275,18.261017726940224,33.0,55.69620253164557,30.91182722769239,72.2858422962965,24.40876855898508,1.4735816549248915,0.302082388667696
2025-09-26,87.32905861270609,18.85961732058372,31.0,35.44303797468354,49.3249700301687,73.76183097802752,29.05180982538034,1.2017904555608543,-0.2717911993640372
2025-09-27,87.92748581196399,19.148748746984474,31.0,41.77215189873418,36.59364514590204,64.56720422221571,9.957810365209891,0.5931293862962487,-0.6086610692646056
2025-09-28,87.88308653466089,19.52652389012446,32.0,46.835443037974684,15.426857982833035,61.143321181217644,7.764661588060036,0.8221700807201808,0.22904069442393216
2025-09-29,89.87690994481045,18.801507421323432,30.0,63.29113924050633,20.71138806415867,69.51708007861983,21.274342071420705,1.304844803589849,0.48267472286966817
2025-09-30,91.61331762813141,18.177069355498034,31.0,63.29113924050633,38.2996346207426,74.85552138976821,32.11660786522002,1.445086267784323,0.14024146419447403
2025-10-01,91.38496580911625,17.189058399083944,32.0,62.0253164556962,38.22387807412589,76.97236304867869,30.68222194042865,1.5079275710532263,0.06284130326890325
2025-10-02,94.97468348679926,17.631628858316738,34.0,81.0126582278481,46.304075718317,79.44336731836499,31.687362886006554,1.5693175067833363,0.06138993573010998
2025-10-03,96.66452504714591,19.45737337341216,34.0,79.74683544303798,47.18662674853834,79.39683013795808,39.604604303750094,1.418504287290785,-0.15081321949255133
2025-10-04,97.97765054610004,21.890075534585023,27.0,89.87341772151899,55.069014358765635,72.55319773101243,14.516646534349368,0.5675456890878334,-0.8509585982029515
2025-10-05,98.08246864255266,23.687281982092635,31.0,93.67088607594937,23.2855041275991,66.39868895828722,13.277034222759564,0.9615181560491686,0.39397246696133514
2025-10-06,98.98430119627328,25.618949298822102,27.0,89.87341772151899,47.689026907443086,73.380332774176,28.90014025178344,1.3913476377907064,0.4298294817415378
2025-10-07,100.0,27.605250093081075,31.0,88.60759493670885,46.0960072308969,74.92899413018142,33.27866656946612,1.5574801991057372,0.16613256131503085
2025-10-08,97.39147168245476,28.02879189796632,27.0,75.9493670886076,50.38858912254006,72.90976054020466,32.55601855231616,1.29240144371872,-0.2650787553870173
2025-10-09,98.86113376496202,29.104981492855554,28.000000000000004,88.60759493670885,41.440473960551806,72.45012254346359,26.004046662610993,1.621547525219209,0.3291460815004892
2025-10-10,97.53515180700563,29.26769429343833,28.999999999999996,81.0126582278481,47.745860933840255,77.92497513127752,26.334812018339022,1.6091538841428221,-0.012393641076386963
2025-10-11,90.72578165554538,29.38809684433042,40.0,34.177215189873415,100.0,72.91016057327406,23.942657403632296,0.41469961422216756,-1.1944542699206546
2025-10-12,88.8434718320477,30.17956746149225,37.0,30.37974683544304,71.94852547459814,62.072731345791254,9.521131483739468,0.22477644175730085,-0.1899231724648667
2025-10-13,92.31893299874602,30.211178643059,32.0,48.10126582278481,62.15610938646363,67.3346329963277,15.537190014568425,0.7547429951338187,0.5299665533765179
2025-10-14,92.34514974772051,30.237471082533506,28.000000000000004,48.10126582278481,45.65182784838397,69.90164520267008,33.528230026084934,1.5461120192354478,0.7913690241016291
2025-10-15,90.68957909639606,30.462752022859735,28.000000000000004,43.037974683544306,60.40431668019719,72.38345036523019,37.42887721959535,1.18029476365643,-0.3658172555790178
2025-10-16,88.72770444512958,31.194949720910415,28.999999999999996,35.44303797468354,45.61345656928009,74.27267320765183,22.576845857320922,1.264081055463515,0.08378629180708486
2025-10-17,86.61832960604507,32.680333349395326,28.000000000000004,27.848101265822784,56.140343292728446,78.88838810675016,27.569805082564702,1.1063598815767701,-0.15772117388674478
2025-10-18,85.30946469261697,34.61452081811298,32.0,29.11392405063291,62.466128717358124,64.27077971779,9.07441514543427,-0.7740228400449336,-1.8803827216217037
2025-10-19,85.88041235348858,35.99212519579744,31.0,36.708860759493675,22.789623420373587,59.20422754947743,8.602126045469193,-0.3103394639798994,0.4636833760650342
2025-10-20,87.05464517079567,36.84977120046843,31.0,36.708860759493675,30.048362659021414,67.67892812472498,20.468060515583144,0.42263960743553464,0.7329790714154341
2025-10-21,88.6474805923686,37.19553494825028,31.0,43.037974683544306,40.03392394796161,71.85153972728412,25.607086601671636,0.5403883895801864,0.11774878214465179
2025-10-22,86.94642329567465,37.9560581315935,28.999999999999996,31.645569620253166,70.09261622543582,67.67466110531804,26.13739190406295,-0.25524107178149014,-0.7956294613616766
2025-10-23,86.25102251074087,38.83160413865242,28.000000000000004,34.177215189873415,55.625951704387525,70.31061234395378,20.870850808532833,-0.22267813494029098,0.03256293684119915
2025-10-24,88.19862471880086,39.08740698897147,28.999999999999996,37.9746835443038,37.213125465998786,72.90642693129298,21.264693598795755,0.11604269265366059,0.33872082759395156
2025-10-25,88.95943213043921,39.274969101509434,26.0,46.835443037974684,32.52992285292409,61.50441769852974,8.35378313742254,-0.4072165710416963,-0.5232592636953569
2025-10-26,89.45834012033657,38.858910859236175,28.999999999999996,50.63291139240506,15.373863691252446,57.75037403091989,11.726735432462268,0.01895106117435638,0.4261676322160527
2025-10-27,91.74704943246819,38.43073242920978,30.0,64.55696202531645,28.134202648342033,69.68082694836106,27.58707523851151,0.6177579270198245,0.598806865845468
2025-10-28,91.51204935017837,37.9575598224278,25.0,63.29113924050633,42.22772647226441,67.25755995828987,24.764219259562132,0.34494729914684225,-0.2728106278729822
2025-10-29,90.52430298242078,37.89064640762408,25.0,64.55696202531645,43.90631832178281,68.94476610066432,22.271695375242984,0.07903978413980522,-0.265907515007037
2025-10-30,88.1971428220668,38.29704856533699,25.0,43.037974683544306,42.53932852681077,72.11409476516725,24.85767901812598,0.21671828811257296,0.13767850397276774
2025-10-31,86.74979715011855,39.047331609413796,25.0,36.708860759493675,48.11114762715542,76.3228426883289,26.038685296348145,0.2711028033227322,0.05438451521015922
2025-11-01,87.81824532308217,39.05789737133293,26.0,41.77215189873418,38.94014977483579,66.49616368286445,12.118798339835807,-0.013216604744951843,-0.284319408067684
2025-11-02,88.17106862484874,38.37986236207447,25.0,46.835443037974684,16.515304688287276,59.5393219172785,5.660045017481163,0.11129340894370565,0.1245100136886575
2025-11-03,88.68085128911224,36.88341982171913,28.000000000000004,53.16455696202531,23.243881083307976,73.03297072557999,24.472033280335523,1.1337029673425694,1.0224095583988637
2025-11-04,85.37155703057381,35.82631938071194,27.0,26.582278481012654,49.713465638534856,77.7125575714259,30.043529952318558,0.8353180168182385,-0.2983849505243309
2025-11-05,81.45581178559854,35.55104369315022,27.0,29.11392405063291,72.16167195228238,73.39446727596149,22.983775755187462,0.038028744392687996,-0.7972892724255505
2025-11-06,83.2532170750938,32.90030899386181,26.0,34.177215189873415,51.0481970027459,71.31002829567244,26.780718507559705,0.1958427256319856,0.1578139812392976
2025-11-07,81.2052508030865,32.38071890634528,27.0,30.37974683544304,42.461773200245226,75.93214372388117,36.75675018243797,0.5629827161899855,0.36713999055799995
2025-11-08,82.86701695099737,29.15255114564917,26.0,25.31645569620253,62.003729527846986,62.73598617485712,7.479425253795374,-0.674187603786689,-1.2371703199766744
2025-11-09,81.98065326285928,26.47692608043141,25.0,27.848101265822784,33.83786446355305,59.00461104784662,5.252866324525437,-0.22523835443544127,0.4489492493512477
2025-11-10,83.91980004515266,26.548834171075093,26.0,36.708860759493675,39.70303958527708,70.25887473364465,19.668841557087237,0.5245464740567856,0.7497848284922268
2025-11-11,84.88105706490131,26.693258510861494,27.0,32.91139240506329,44.73216348115555,67.53531625281023,18.755447261683077,-0.0902717477315176,-0.6148182217883031
2025-11-12,82.5181379484816,26.338782955133887,27.0,30.37974683544304,47.02467449035031,67.32823246721729,18.162692563910998,-0.17853328690576822,-0.08826153917425063
2025-11-13,81.36479452576685,26.160740536278297,25.0,18.9873417721519,41.94138141862386,0.0,0.0,-2.4559222663819207,-2.2773889794761524
2025-11-14,79.92918914421186,27.1616797795867,26.0,20.253164556962027,66.53103942038084,0.0,0.0,-3.0242145576702812,-0.5682922912883606
2025-11-15,75.70228249707833,31.22435161353944,22.0,12.658227848101266,74.96467856269967,0.0,0.0,-3.483690355094672,-0.4594757974243908
2025-11-16,76.54534328093744,34.215134344084824,22.0,12.658227848101266,25.868575035378903,60.592608989009754,8.179812574244053,-0.6360897984703515,2.8476005566243208
2025-11-17,75.66616568737837,37.34024064602014,25.0,17.72151898734177,48.108665751505455,68.68434457248466,33.026229754862804,-0.13114408997320665,0.5049457084971449
2025-11-18,73.76303416456255,41.150214497267235,27.0,13.924050632911392,63.43920005201989,68.96730129690721,37.003530507809316,-0.5090474194342982,-0.37790332946109156
2025-11-19,74.39059823769395,43.86518913571256,30.0,18.9873417721519,68.76538871931108,71.38190090380805,29.92286736539767,-0.7917252003006187,-0.28267778086632045
2025-11-20,73.22329850497998,46.4079128715351,32.0,13.924050632911392,54.89845069893875,72.6842752334193,25.99335370923149,-0.8963474216773089,-0.1046222213766902
2025-11-21,69.4458092970665,51.01387482000678,35.0,17.72151898734177,65.675222343995,80.43384919820038,37.32979183258943,-0.7889366312564805,0.10741079042082835
2025-11-22,68.16495194814387,55.68874392784775,30.0,13.924050632911392,89.46455443143543,64.68801420917463,100.0,-0.39895628056055565,0.38998035069592485
2025-11-23,67.86907372586931,59.29204334445269,27.0,16.455696202531644,28.241287384202852,59.04701455320307,30.75039126369618,-1.2735751424038253,-0.8746188618432696
2025-11-24,69.55310377897365,61.085260066712166,27.0,24.050632911392405,40.030269207587295,67.13168288578522,24.16978454487771,-1.3038314427374362,-0.03025630033361093
2025-11-25,70.71161070828805,61.68538208412806,28.000000000000004,25.31645569620253,51.39414488398536,68.42779003064253,18.8614123147795,-1.6370105117129428,-0.33317906897550653
2025-11-26,69.97505547254546,61.118374438299696,39.0,18.9873417721519,45.00360806085658,71.39830225965346,15.76335308520954,-1.451791413570701,0.1852190981422417
2025-11-27,72.51076615749436,59.19387208341828,41.0,27.848101265822784,46.15192662535379,70.1136627294523,15.520921616305621,-1.477552928527824,-0.025761514957122866
2025-11-28,73.15580195353759,57.054177047446366,39.0,31.645569620253166,39.26776511042001,72.48639220842257,16.6093384425601,-1.124573346628501,0.3529795818993229
2025-11-29,72.89237775611383,55.609618849435336,39.0,35.44303797468354,41.61077760439284,63.470580234632735,6.084873765283834,-1.73009110801463,-0.6055177613861289
2025-11-30,72.80508007672844,54.43627353294956,39.0,35.44303797468354,25.995571454525212,60.1068354984012,6.0660258335609365,-1.4881247542714704,0.24196635374315956
2025-12-01,72.45631365796224,52.50772936602194,53.0,30.37974683544304,26.711409445261708,74.39628342609656,23.010701833245545,-0.5211422342055603,0.9669825200659101
2025-12-02,69.15049229697729,50.85364946516068,46.0,29.11392405063291,61.58120537736684,72.80815214057695,18.57492690518422,-1.3340596018294115,-0.8129173676238513
2025-12-03,73.2084350650599,47.220545925377024,49.0,35.44303797468354,55.057497123786995,72.37758321354565,21.42432113276193,-1.058220912461549,0.2758386893678626
2025-12-04,75.03150214790796,44.80568929199114,45.0,32.91139240506329,53.92578912496888,72.01702007365942,13.882248157585295,-0.965524635309055,0.09269627715249396
2025-12-05,73.84636811490594,43.9106273083529,36.0,35.44303797468354,44.95185531792486,71.23855572060623,17.607844181852215,-0.6833962030743316,0.2821284322347234
2025-12-06,71.57536308105847,42.44321250837119,37.0,29.11392405063291,33.24000479838592,62.057530089154035,5.214681482316857,-1.030128624639613,-0.3467324215652815
2025-12-07,71.5254089965724,41.58528588255103,38.0,25.31645569620253,16.4359698077589,58.47723411802043,4.2848821341535475,-0.8458223270843965,0.18430629755521655
2025-12-08,72.26125835408307,39.62694165650318,37.0,25.31645569620253,22.45854055577569,63.668729948342396,23.092219104224892,-0.35474299664291586,0.49107933044148067
2025-12-09,72.62603641221689,37.77184633335447,35.0,27.848101265822784,30.10981959207633,67.71146414770288,16.605773878227854,-0.4964370134426137,-0.14169401679969784
2025-12-10,74.31322164094544,34.33372488088068,36.0,32.91139240506329,36.141935099429425,68.2315071379234,20.183635322268923,-0.2614090978532589,0.23502791558935482
2025-12-11,73.73771760863573,29.35568397805433,35.0,36.708860759493675,34.56218179047032,68.45312545837122,18.388675880666952,-0.22194228393923754,0.03946681391402135
2025-12-12,74.12965959517159,25.500552437590752,32.0,36.708860759493675,35.25271359282959,71.71686192725265,18.502260523562867,0.009029591891521187,0.23097187583075873
2025-12-13,72.37695049711381,21.79555877287482,28.000000000000004,29.11392405063291,44.867152720671946,61.78764111166522,6.8810491930641815,-0.8159401431328724,-0.8249697350243936
2025-12-14,72.3370133359363,18.553473752626306,28.000000000000004,26.582278481012654,23.325999708651658,57.29246951081289,4.878828884624499,-0.6116550128787294,0.20428513025414308
2025-12-15,70.71274611475495,18.02261852336073,26.0,20.253164556962027,22.38943258197123,67.69399603700572,14.350530253158809,-0.09700963819066091,0.5146453746880685
2025-12-16,69.25662365744977,17.323351732430204,28.000000000000004,13.924050632911392,33.529640260252265,67.64799223402468,18.03734556152012,-0.1959256817586073,-0.0989160435679464
2025-12-17,70.38504441878948,16.538556137259324,33.0,20.253164556962027,31.998043780950475,68.18790353335876,21.390846392645166,0.06420078973617144,0.26012647149477874
2025-12-18,68.97693940207213,16.864566000230923,38.0,21.518987341772153,32.37488544526094,69.12851462387557,16.86781309185531,-0.020927168327214134,-0.08512795806338558
2025-12-19,68.48435410095742,17.05065759616806,28.999999999999996,20.253164556962027,38.83992027560807,74.161597358715,15.361523269306279,-0.03433240989312093,-0.013405241565906799
2025-12-20,70.61103114475172,16.89794415941706,26.0,25.31645569620253,34.39184763841202,65.15125250354029,8.518662290972454,-0.44028690153886335,-0.40595449164574243
2025-12-21,70.80665147468456,16.62560642538099,24.0,25.31645569620253,11.326726598768449,58.15734100685657,4.3145182541849945,-0.3706824402382462,0.06960446130061715
2025-12-22,70.99056653899774,15.775749635798014,23.0,31.645569620253166,14.927790845625905,66.34481783827462,15.106714370513727,-0.010256691210868498,0.36042574902737773
2025-12-23,70.92140107516566,14.660271134254796,23.0,30.37974683544304,27.78035269141535,69.46974283207412,20.869220770756844,-0.0884696758450747,-0.0782129846342062
2025-12-24,70.0520788481306,14.499197719412715,21.0,30.37974683544304,30.697427403875356,68.5279316423491,19.702663004724872,-0.11155540317568714,-0.02308572733061244
2025-12-25,70.24135982385104,14.597871926280066,23.0,29.11392405063291,19.27166800046786,57.55395779384429,5.179889448747896,-0.5657133800769415,-0.45415797690125437
2025-12-26,69.91049774668107,14.617059187048905,23.0,25.31645569620253,15.081635478263827,63.72806818697012,16.185025587750932,-0.073279202755915,0.4924341773210265
2025-12-27,69.97154908729388,14.797738097641755,27.0,29.11392405063291,31.211760524155153,60.98317460910102,5.750198112265726,-0.614837391743052,-0.5415581889871369
2025-12-28,70.37311401743473,14.711668514664098,25.0,30.37974683544304,10.377956904733141,58.122671474175206,3.6149783182736073,-0.3667978978810754,0.24803949386197655
2025-12-29,70.38586117844548,14.649340103698394,23.0,30.37974683544304,11.541870260421748,68.85075832935522,30.805363760498373,0.706960702627624,1.0737586005086994
2025-12-30,69.85181702162454,14.684456346047355,25.0,29.11392405063291,35.73322648978199,71.98555080553326,20.91713062104682,0.0876712905481585,-0.6192894120794655
2025-12-31,70.86009667791657,14.594876165487975,23.0,26.582278481012654,26.31367116217655,72.97563265229925,29.659846003774227,0.5349988870391251,0.44732759649096665
2026-01-01,70.14323932094399,14.313765978019392,22.0,25.31645569620253,24.665251314468744,58.85579874602968,9.354122995503586,-0.3868337861891804,-0.9218326732283055
2026-01-02,71.11098445546057,13.999213452106298,25.0,35.44303797468354,14.015108806789176,69.13024810050963,15.3594974844527,0.2206919795637263,0.6075257657529067
2026-01-03,72.07161241570049,12.726008064726829,26.0,36.708860759493675,33.57923975958782,63.200957945856864,4.236268037128702,-0.4478616585126295,-0.6685536380763558
2026-01-04,72.60664199989347,12.216892562560917,25.0,31.645569620253166,15.549927919788445,61.37587373889575,4.2922875229649415,-0.13089038861081237,0.3169712699018171
2026-01-05,73.23126293131665,12.627866964780644,24.0,32.91139240506329,20.56276923866531,69.33759857481552,20.2198677060283,0.41835944812678394,0.5492498367375963
2026-01-06,75.27783499913016,14.118722347148175,28.000000000000004,55.69620253164557,39.37134730565559,69.05744208187878,19.03513697561729,0.05834979044084465,-0.3600096576859393
2026-01-07,75.06951211143668,15.208883507904606,26.0,53.16455696202531,38.03881449824979,64.68361384541123,17.063841952071922,-0.16660284256909808,-0.22495263300994273
2026-01-08,73.13824603825095,15.330754235748714,24.0,35.44303797468354,31.72854971902494,63.54992012673048,15.99386160423532,-0.20071874349561095,-0.03411590092651287
2026-01-09,72.91893693745465,14.824780117140895,25.0,34.177215189873415,31.99895722038832,68.39725417301163,21.440550312669473,0.24526237839213078,0.44598112188774175
2026-01-10,72.53534575306564,14.463493029775801,23.0,31.645569620253166,28.916714942668005,60.21191085129705,13.909495240172372,-0.10647701124268347,-0.3517393896348142
2026-01-11,72.48495322517908,13.89084624677957,23.0,36.708860759493675,9.245997175616088,55.026948894441944,8.53917952482797,-0.11900267928933139,-0.012525668046647925
2026-01-12,72.78737872873558,13.985250294602707,23.0,34.177215189873415,13.159261581118395,62.6163762871064,18.812095773814544,0.3164712969288977,0.4354739762182291
2026-01-13,73.04031959330557,14.156288427155603,26.0,32.91139240506329,31.07443557777464,65.2576613000008,23.980751714393,0.5934110785242618,0.2769397815953641
2026-01-14,76.34668901104749,16.10303263171902,27.0,60.75949367088608,44.26720912160159,66.87859529721123,22.366056047347254,0.39097196290152675,-0.20243911562273503
2026-01-15,77.74709725193888,18.360390158292315,30.0,77.21518987341773,45.31961921661527,68.90302931709022,22.87765621521176,0.13641384715379426,-0.25455811574773246
2026-01-16,76.60666862233253,19.657955640407064,25.0,62.0253164556962,39.48941582712598,68.9496998418536,16.052396764320964,-0.00940390451688547,-0.14581775167067973
2026-01-17,76.5515685775484,20.26631213960912,27.0,63.29113924050633,24.640779886755816,60.24244670892793,5.135733611183009,-0.3320136265973772,-0.32260972208049177
2026-01-18,76.21772704321036,20.2518093746982,26.0,62.0253164556962,11.814019702077976,54.918139899565034,4.030931929887033,-0.21300036409988032,0.11901326249749689
2026-01-19,75.13831028819433,20.41791262026201,28.000000000000004,55.69620253164557,15.319334566227386,61.35107168859293,8.58836890527164,-0.058685355860559396,0.15431500823932093
2026-01-20,74.18118209239786,20.33305939328774,26.0,40.50632911392405,28.700876286304773,62.183807194728104,16.823358313557872,-0.11658428318532554,-0.05789892732476615
2026-01-21,70.77851844098039,20.380911686131277,28.999999999999996,30.37974683544304,40.11769429692173,67.13288298499343,22.93344699712401,0.33354588840597765,0.4501301715913032
2026-01-22,71.61323348372784,20.255828295987666,27.0,25.31645569620253,41.29590844859791,63.80794145649374,18.100692981963697,0.40855633391080454,0.07501044550482688
2026-01-23,71.68460573863238,19.869439384050285,26.0,30.37974683544304,26.027268045605222,66.69778034984225,11.979688623534281,0.36598824674233377,-0.04256808716847077
2026-01-24,71.65976156908268,19.53311854426368,27.0,31.645569620253166,28.736909666852807,56.22944830105956,3.6243797218338965,-0.16709186018644753,-0.5330801069287813
2026-01-25,71.46619094849108,19.09518017013208,31.0,31.645569620253166,10.95176210762384,55.96929346159283,6.794115948221063,0.1936585182778679,0.36075037846431546
2026-01-26,69.36434132688167,19.347324589282326,28.999999999999996,25.31645569620253,26.431747457479453,62.05339641410357,13.156343972608381,0.07556392761310281,-0.11809459066476509
2026-01-27,70.77452774970115,19.227682039789865,28.000000000000004,36.708860759493675,33.53886847761404,63.393773885307844,10.391994396065893,-0.28575486705643194,-0.36131879466953476
2026-01-28,71.49291837773721,18.94271492293554,30.0,36.708860759493675,28.99193199544025,64.75895340681497,14.889119818267723,-0.19931128728306557,0.08644357977336636
2026-01-29,71.45915689960532,18.450889241023873,31.0,32.91139240506329,30.392435192958345,69.55388312100467,16.76536346448257,-0.11458911914610223,0.08472216813696334
2026-01-30,67.77913858522183,19.8879346823782,33.0,20.253164556962027,46.99440965993126,77.45813653928725,25.41870400037306,-0.032239488051074766,0.08234963109502746
2026-01-31,67.43561174385584,21.20651311684516,32.0,25.31645569620253,52.658475805597234,70.35314919366668,14.71074413398476,-0.6213697068522992,-0.5891302188012244
2026-02-01,63.09501083616027,25.874560003079868,39.0,17.72151898734177,51.97840526092309,62.33528638367438,13.43885783499379,-1.1304356654846912,-0.509065958632392
2026-02-02,61.66137760917022,30.843217368927338,33.0,17.72151898734177,38.62906348055603,69.4958783259416,26.855802995584575,-0.6135324629337541,0.5169032025509371
2026-02-03,63.12851122835611,33.85042588835449,32.0,21.518987341772153,56.07542344704367,73.43887094666492,22.854452757053124,-0.7269548249610686,-0.11342236202731448
2026-02-04,60.62100663403201,37.9499022402319,35.0,17.72151898734177,48.82989073104119,70.98866839658746,23.991974739679968,-0.8201880464910118,-0.09323322152994329
2026-02-05,58.644092860778876,42.25861077344358,52.0,15.18987341772152,49.078217232678135,82.57962658246414,36.204456970982044,-0.4289845591751807,0.39120348731583116
2026-02-06,50.37422709011612,52.24445980991944,44.0,11.39240506329114,94.30539549092305,86.17192354567977,32.37190674430256,-1.9143092397803494,-1.4853246806051688
2026-02-07,56.521576711570845,56.002091249228336,33.0,7.59493670886076,85.205915966927,64.21144147916227,10.486496765964908,-2.7173761646609127,-0.8030669248805633
2026-02-08,55.53807675696708,59.704773407884105,37.0,8.860759493670885,45.68026084982271,59.02261253596964,7.268227614537475,-2.500358430176454,0.21701773448445882
2026-02-09,56.53633875885286,62.37915952226649,42.0,17.72151898734177,28.332685056900008,64.16903797380583,20.360387003395562,-1.7540536302248302,0.7463047999516237
2026-02-10,56.17891803851184,64.78530283150744,40.0,11.39240506329114,37.16176607940033,64.90709898684958,16.35183663641773,-1.9846798092725455,-0.23062617904771532
2026-02-11,55.12380856158683,67.17229911171746,35.0,13.924050632911392,28.485792508418957,65.36953721507645,14.542614485954964,-2.009198339045727,-0.024518529773181585
2026-02-12,53.647270450864895,69.69495776676943,34.0,6.329113924050633,36.36844449738661,67.23049105392712,16.54668359141215,-2.190643921866928,-0.1814455828212007
2026-02-13,53.04377394944202,70.965862022185,51.0,11.39240506329114,31.52309081566247,69.55281636615294,15.758739891942444,-2.1884247577234386,0.002219164143489216
2026-02-14,55.1710662633608,70.20673188711643,45.0,11.39240506329114,28.679941963094755,61.07384877149844,6.576667734850206,-2.583210632919307,-0.3947858751958684
2026-02-15,55.91378921495509,69.12072733126996,51.0,10.126582278481013,25.752424127470764,53.24173465006441,3.304865186171993,-2.778529610058252,-0.1953189771389452
2026-02-16,55.07305545002873,67.7770361879251,53.0,15.18987341772152,29.231055872806866,58.71205352975846,8.039003959548412,-2.412924759264567,0.3656048507936851
2026-02-17,55.226293235764636,65.95668533668378,59.0,12.658227848101266,24.363359455304114,59.58679250818067,10.915162849235884,-2.299831745476141,0.11309301378842607
2026-02-18,54.089571063331036,64.40724946059339,48.0,10.126582278481013,25.389691894490824,60.55940624424952,9.803218847186654,-2.2644823956535363,0.035349349822604736
2026-02-19,53.26158950277298,62.987146724744505,49.0,11.39240506329114,24.071425400108104,63.101483055932626,9.587590042146982,-2.2980411336703908,-0.033558738016854495
2026-02-20,53.63212521917965,62.39665466190749,35.0,8.860759493670885,22.635985589647756,65.84024279340426,18.131691177572424,-1.8552935025096422,0.44274763116074856
2026-02-21,54.47494022980739,60.8328946240797,37.0,10.126582278481013,35.44865759884216,59.65013107750241,4.2408689902174785,-2.5436624484298123,-0.6883689459201701
2026-02-22,54.481043296689634,58.78411165239743,38.0,11.39240506329114,13.695038744305945,54.51490656560942,3.161334212149213,-2.314763552848989,0.22889889558082332
2026-02-23,54.1662394106897,56.31410214048018,36.0,6.329113924050633,13.479780935362914,61.17359035013561,10.286185083392148,-1.8081380526596866,0.5066255001893023
2026-02-24,51.75582069973604,54.00899807841999,35.0,10.126582278481013,37.56527758249046,66.80752275521444,13.229968191529402,-2.065293052802309,-0.25715500014262216
2026-02-25,51.35233583942323,52.34287108663015,52.0,13.924050632911392,29.711139329103126,67.9953542826207,11.81497449835471,-1.9656981046761788,0.09959494812613001
2026-02-26,54.45658523137492,48.50246442515005,48.0,13.924050632911392,36.256173515944425,69.58521904477438,12.748345306226499,-1.797862099287137,0.16783600538904175
2026-02-27,54.073225446622494,43.31990985255214,37.0,16.455696202531644,30.16066815372917,73.22712010859564,9.92871455233202,-1.5814615997701893,0.21640049951694773
2026-02-28,52.80286809000637,37.03528904584866,27.0,13.924050632911392,28.497570134683407,66.5128317274228,4.661183019881851,-1.7486150430468776,-0.16715344327668835
2026-03-01,53.70407172774419,32.38756806222114,24.0,17.72151898734177,30.674618771824765,59.73520477692823,3.3352950964993355,-1.860843767276698,-0.11222872422982033
2026-03-02,52.66622692662273,26.937128368079517,83.0,12.658227848101266,28.785996353541627,68.70567966951936,11.989242886727503,-1.4187139548854069,0.4421298123912911
2026-03-03,55.19123241436369,23.940385503266842,100.0,17.72151898734177,40.39382215481821,67.27716157869051,13.84059471658724,-1.4247434455076045,-0.0060294906221975975
2026-03-04,54.75650946840227,21.523356417210408,86.0,12.658227848101266,34.902826092247736,68.9115633559041,21.04626324285489,-0.9835384624503878,0.44120498305721667
2026-03-05,58.241345615475524,17.92569647789052,90.0,27.848101265822784,53.69561127520518,69.66802589014026,15.891200106105899,-1.228855431996623,-0.24531696954623516
2026-03-06,56.80291263457301,15.643816364223229,78.0,22.78481012658228,36.63077073102413,70.90226125359696,12.904429048983088,-0.9058810688450821,0.3229743631515408
2026-03-07,54.61759019682155,14.23081561768624,72.0,15.18987341772152,30.74656585784339,61.124919660025235,3.480338523723029,-1.3976646692441828,-0.49178360039910063
2026-03-08,53.91464240414994,12.718599201725706,75.0,15.18987341772152,16.283767610467798,55.08362024594034,2.5494931031170496,-1.2717049702346441,0.12595969900953863
2026-03-09,52.92482255248097,12.55364893213102,78.0,10.126582278481013,23.738628744214804,62.49876656470268,11.841607608897474,-1.0756563670093509,0.19604860322529327
2026-03-10,54.86686744781694,12.449968663014154,78.0,16.455696202531644,34.71442300372887,64.63801007549958,12.480464935552984,-1.0381079364961123,0.03754843051323853
2026-03-11,56.00788970889863,12.252863242913001,71.0,18.9873417721519,37.76853212447522,63.39497398451606,13.750972223701194,-1.133086037111803,-0.09497810061569067
2026-03-12,56.283436914205524,12.291391053587128,72.0,22.78481012658228,31.912566256268637,66.17893745882994,10.461646265377793,-0.76408442191242,0.369001615199383
2026-03-13,56.5379833867948,12.685309966216012,73.0,18.9873417721519,28.538241452688197,70.010454197547,13.232987714644748,-0.6115916455515978,0.15249277636082215
2026-03-14,56.87528009132203,13.157425636272002,72.0,20.253164556962027,41.27638684638743,58.704719590152784,3.6741997096770356,-1.5295240507633756,-0.9179324052117778
2026-03-15,57.07710077100471,13.490242377801886,69.0,18.9873417721519,15.737372924383353,54.245550965546485,6.023828752198326,-1.1500332632030459,0.3794907875603297
2026-03-16,58.25107772034232,14.557991651303631,77.0,29.11392405063291,19.29588268364705,63.69046507844649,17.461557877705634,-0.7345713439556705,0.4154619192473754
2026-03-17,59.99522636052503,16.55758599154841,77.0,35.44303797468354,37.36678321542464,65.15258594710495,13.54171194764651,-0.9854247009335392,-0.2508533569778687
2026-03-18,59.248377351714645,17.85226805339164,43.0,32.91139240506329,31.652616694528536,63.03827783096736,10.918747729817149,-0.9828622804762719,0.0025624204572672893
2026-03-19,57.10816704046062,18.129181399104898,44.0,29.11392405063291,30.619013726473348,64.82695902861303,9.794054407602484,-0.953326275319422,0.029536005156849843
2026-03-20,55.99862700854595,18.10115722087825,43.0,13.924050632911392,30.509159587994166,66.15186855446717,8.73769186619859,-1.0378644369209151,-0.08453816160149308
2026-03-21,56.54455525095945,17.950952625597168,42.0,15.18987341772152,26.018502743517935,61.18292445508828,2.087233202419,-1.2239193617319277,-0.1860549248110126
2026-03-22,55.08665162117432,17.75920882263721,41.0,12.658227848101266,15.091204128534669,57.658899802383665,6.103404144293397,-1.100418542248501,0.12350081948342662
2026-03-23,54.37762953073744,17.771506083970454,65.0,10.126582278481013,20.11904528745467,63.51231701820684,10.877745684431089,-0.7790669400826374,0.32135160216586367
2026-03-24,56.81721163825999,17.858875226621713,36.0,13.924050632911392,34.76951101424356,61.408143073160716,11.932848899348715,-0.8537582508050857,-0.07469131072244828
2026-03-25,56.52202359254568,17.82259616498198,42.0,17.72151898734177,26.751314688953563,66.8385919902712,14.25973729875008,-0.5548493110519052,0.29890893975318056
2026-03-26,57.150965016299835,16.96039162635163,38.0,12.658227848101266,24.215823391300955,65.59448914443594,10.676448354875118,-0.6547951539044887,-0.09994584285258357
2026-03-27,55.1327857278709,15.534453571096247,39.0,16.455696202531644,34.592015512059994,67.66332683501837,14.817958492843866,-0.9693074994160937,-0.314512345511605
2026-03-28,53.153122953082466,15.936120056374428,40.0,15.18987341772152,32.36669541461518,57.726638735468796,4.639831904118542,-1.5255694147521768,-0.556261915336083
2026-03-29,53.15316235021583,16.235180640554585,40.0,11.39240506329114,15.653489352805433,50.94901178497423,3.3899818904965553,-1.5102898710015058,0.015279543750670976
2026-03-30,52.87214403969001,16.20486256920995,38.0,10.126582278481013,16.619269008301078,61.335870431955705,12.521380019700917,-1.047617758941078,0.4626721120604278
2026-03-31,53.45627875236827,16.28521005271715,42.0,13.924050632911392,24.56817193304188,64.68948099709576,12.53620771602431,-1.011451584360877,0.036166174580201105
2026-04-01,31.51649274602214,40.55082234010184,41.0,10.126582278481013,71.33231086913425,64.68948099709576,11.079120699929303,-3.066904418893094,-2.0554528345322174
2026-04-03,30.771841981949088,55.126162585651514,41.0,11.39240506329114,60.488838494850604,67.43130765476613,10.539387872677297,-3.2417102198212615,-0.17480580092816744
2026-04-04,30.922142987741474,65.74582647142671,41.0,13.924050632911392,37.302660322542444,66.48122911494016,4.775868617081161,-3.168243391745948,0.07346682807531346
2026-04-05,31.125271142027692,73.64920551003307,41.0,15.18987341772152,29.720128051774346,57.38447711677499,2.2263452418271603,-3.5537293888562207,-0.38548599711027265
2026-04-06,32.26960627499542,79.59245146124151,41.0,16.455696202531644,45.58509555734758,50.68418989303116,2.8802131949743863,-4.171741400691525,-0.6180120118353045
2026-04-07,32.13068172951834,84.92078391023819,41.0,13.924050632911392,61.397529240373295,59.626662470764245,7.327784342265725,-4.2226261215102845,-0.05088472081875928
2026-04-08,33.53550060508855,88.87813906506756,41.0,21.518987341772153,81.81518550116635,64.02049236070182,10.366058299652936,-4.355364458562509,-0.13273833705222415
2026-04-09,33.31440460552471,92.49478459989268,41.0,17.72151898734177,63.28617847861149,65.21219087444562,9.154328823567932,-4.175602184919454,0.17976227364305508
2026-04-10,33.91957635506937,95.15982750286125,41.0,20.253164556962027,62.77248791110864,64.6009403444018,8.024252923042512,-4.2297068811004825,-0.05410469618102898
2026-04-11,34.363970069847625,97.01756315257619,41.0,18.9873417721519,57.59091200144382,67.69639623542213,10.856862384054656,-3.961477239812377,0.26822964128810556
2026-04-12,33.692782059410135,98.61637323860997,41.0,20.253164556962027,47.0883793302977,58.89940235059432,3.1668776419859004,-4.259497787274562,-0.29802054746218465
2026-04-13,33.25194507165345,99.85391986524014,41.0,15.18987341772152,44.38325439107068,52.767695462824925,3.0357157115287885,-4.415362887401719,-0.1558651001271576
2026-04-14,35.16239428733925,100.0,41.0,26.582278481012654,83.83904316603622,60.65861444546082,11.759601121542099,-4.64761920594746,-0.23225631854574047
2026-04-15,35.172209469627795,99.69884459471788,41.0,29.11392405063291,83.66765525209868,65.47514594539815,19.989002955711,-4.165195716763279,0.482423489184181
2026-04-16,35.42095027321897,98.55869216058093,41.0,29.11392405063291,67.32414622196085,62.709183959207294,14.43218712628959,-4.126029375150343,0.03916634161293597
2026-04-17,35.23151103815751,96.32033253472306,41.0,26.582278481012654,77.67018328146871,62.709183959207294,11.410913715306096,-4.296255557487041,-0.17022618233669817
2026-04-18,36.437248854229885,93.60156336960553,41.0,32.91139240506329,96.62059109015347,69.56281719288795,14.208035410795,-4.281813378974081,0.014442178512959813
2026-04-19,35.98766360724651,91.33201880441189,41.0,34.177215189873415,63.87007396082287,58.611778573695425,3.5932568177288666,-4.23013061973523,0.051682759238850906
2026-04-20,35.23626459138178,89.17757701383458,41.0,36.708860759493675,70.40871152175696,52.839968104029936,5.614593025408519,-4.5280653383276475,-0.29793471859241727
2026-04-21,36.03322336907784,86.20618641270507,41.0,41.77215189873418,72.37067969446103,61.91298480674402,19.18972282152262,-3.677485206154641,0.8505801321730067
2026-04-22,37.08590056489385,83.27860260669377,41.0,40.50632911392405,70.50151425078302,63.859012345020524,13.421273942327183,-3.5866979391565863,0.0907872669980545
2026-04-23,37.385524318989525,80.2206871980008,41.0,58.22784810126582,76.46687607250826,65.7597028020983,14.578974042413872,-3.5300408358060857,0.05665710335050056
2026-04-24,37.30268898436453,75.43155210368971,41.0,49.36708860759494,64.26369583605866,65.41527432934457,13.694719510476611,-3.2867253678414374,0.2433154679646483
2026-04-25,37.21761195483996,70.06561944436282,41.0,39.24050632911392,53.358671286941714,67.48664556269985,18.495005856937013,-2.6926198551118428,0.5941055127295947
