date,crypto_index,volatility,google trends,total count,dollarVolume,address #,blockUsd,CryptoSent,DeltaCryptoSent
2025-05-01,75.52544979036014,38.026147339681785,28.999999999999996,67.08860759493672,6.767648111714954,74.13666196405569,14.97304296779483,0.6101636434839178,
2025-05-02,77.28158532210813,39.922209221287794,27.0,84.81012658227847,7.7023769148404435,81.74342412306083,17.752106015469042,1.0408130299169953,0.4306493864330775
2025-05-03,77.62510608844858,41.37914529665475,22.0,82.27848101265823,5.935050186829019,68.68967834674334,9.8998076292358,0.27954239690257354,-0.7612706330144218
2025-05-04,76.87759187363199,42.35082798983106,27.0,81.0126582278481,3.51812412282662,59.48318394320597,4.604985198516489,-0.33594821877825587,-0.6154906156808294
2025-05-05,75.59827548557323,42.808692523607334,26.0,65.82278481012658,3.8000237620785353,70.92146284092819,21.093422366490465,0.8283409524982347,1.1642891712764905
2025-05-06,75.94466570204678,43.18030402415899,28.000000000000004,74.68354430379746,6.141605791983414,70.26167496513045,16.599594538356037,0.573566589485376,-0.2547743630128587
2025-05-07,77.62427566679071,42.33177799978349,28.000000000000004,84.81012658227847,5.953326361789704,74.58483234614062,15.192139689840367,0.6800906777230059,0.10652408823762993
2025-05-08,77.76209481121296,41.477247716873784,33.0,82.27848101265823,16.414746890721986,78.96666124399617,17.731053331766773,1.5771709221883001,0.8970802444652942
2025-05-09,82.61070560307547,41.05247930877036,34.0,92.40506329113924,12.75419726539268,80.4137142003739,20.55356173826203,2.076228783093493,0.499057860905193
2025-05-10,82.51955236083755,42.50348532987348,32.0,88.60759493670885,10.403481922019687,67.12688248895242,6.236743908828248,0.98384158264295,-1.0923872004505433
2025-05-11,83.85664616075566,42.92360853829042,37.0,88.60759493670885,5.497148767918531,62.28848251455453,6.854833820586505,0.9271573336714418,-0.056684248971508144
2025-05-12,83.34626724162409,43.89285539470171,35.0,88.60759493670885,6.983805219728854,70.98826836351805,18.171629450166066,1.5490656435031285,0.6219083098316867
2025-05-13,82.45085987191321,44.542572926772614,35.0,88.60759493670885,10.987316325140506,71.33883067666928,20.791686081326645,1.7010957776228768,0.1520301341197483
2025-05-14,83.49888679898179,44.68978011364692,36.0,92.40506329113924,8.634045942028266,71.3965687830194,15.732709409509157,1.6127817815098482,-0.08831399611302859
2025-05-15,83.0259782063107,44.49256542148914,34.0,88.60759493670885,7.241033266180034,72.10982774576031,22.79611550393651,1.553429320176486,-0.05935246133336225
2025-05-16,83.1176848633983,43.54359080778653,30.0,89.87341772151899,8.114369748454306,71.87967538649862,15.859886716370037,1.518070253931641,-0.03535906624484486
2025-05-17,82.99520980713127,42.23395049793275,28.000000000000004,93.67088607594937,6.600954551788877,63.228293538932554,5.157876451177159,0.7644110441540602,-0.7536592097775808
2025-05-18,82.71977465599811,40.69072155823498,28.000000000000004,93.67088607594937,4.83191767224328,57.63529785128904,7.325432245628124,0.8840114722294689,0.1196004280754086
2025-05-19,84.97848556686638,39.22171027087605,25.0,93.67088607594937,7.839173014430865,66.62550770863724,18.95286236518194,1.7711860288210037,0.8871745565915349
2025-05-20,84.65692541803497,37.2954067858111,26.0,89.87341772151899,11.050839493668626,71.47657539689948,18.60124004867271,1.741150991152289,-0.030035037668714626
2025-05-21,85.58444935351115,34.99222976584308,28.000000000000004,88.60759493670885,9.279724541793538,75.70639172838288,25.304884540090768,2.3648917011403783,0.6237407099880892
2025-05-22,87.89194539072106,34.45372807100271,32.0,91.13924050632912,15.48322452794213,81.71555515255929,27.476570089359804,2.6865759960090303,0.321684294868652
2025-05-23,89.41029111070182,36.691141929922196,32.0,98.73417721518987,13.314738988058714,76.17816406156243,26.390621487351517,2.46960387633984,-0.21697211966919028
2025-05-24,85.92903260396419,36.762404040397,28.000000000000004,83.54430379746836,12.558294338111548,66.75445170134064,9.327417988872634,1.382436939513001,-1.087166936826839
2025-05-25,86.42168139120577,36.82430120169442,32.0,93.67088607594937,6.9172024844779285,59.0444810104302,5.632593085471088,1.001387886630045,-0.381049052882956
2025-05-26,87.24753509064163,37.18543720712824,28.000000000000004,92.40506329113924,7.560885845684758,68.87876064421326,15.784197128086797,1.7533554824981517,0.7519675958681067
2025-05-27,87.66100808062436,37.38142133194485,30.0,93.67088607594937,7.126885933604958,67.84720870258609,20.982471987687312,1.7963558056619993,0.04300032316384761
2025-05-28,87.41315243562244,36.89048606259135,34.0,89.87341772151899,9.938876844215248,72.81868634473783,18.043025763042706,1.8212369596985443,0.024881154036545006
2025-05-29,86.42714774964553,36.21079008802464,39.0,93.67088607594937,7.596995940301052,72.29317623590217,17.71133965729691,1.5215574455058178,-0.2996795141927264
2025-05-30,84.74989451128104,34.64124644485731,33.0,75.9493670886076,9.760503977366344,79.28615432209062,20.617414195082894,2.091442311037847,0.569884865532029
2025-05-31,83.359778078916,32.671226147631316,30.0,63.29113924050633,10.117689608672109,67.56171843539066,5.51393631957017,0.7817660617204942,-1.3096762493173526
2025-06-01,83.9020308988585,31.382829244315303,28.000000000000004,70.88607594936708,5.209963382573546,60.37832460816761,4.634318358294001,0.9013614311721595,0.11959536945166527
2025-06-02,84.7215145563897,30.145000820485368,28.000000000000004,81.0126582278481,4.518658490173854,68.8259562790524,21.692735088802483,2.0009160345476014,1.099554603375442
2025-06-03,84.86155766045967,28.306693067759586,37.0,81.0126582278481,6.709548680481473,74.78124858321621,19.59162341122271,2.0540535845141688,0.05313754996656739
2025-06-04,84.5006916504016,25.165319838945493,31.0,78.48101265822784,6.610569386510854,72.73801300907542,23.3726617912935,2.064736421841463,0.010682837327294248
2025-06-05,84.00254164928633,21.61164586356181,46.0,72.15189873417721,6.581624485468268,75.01393448525077,18.069487522979937,1.892138730905759,-0.1725976909357041
2025-06-06,81.46820602860603,19.389474662234964,39.0,56.9620253164557,10.125818628124351,72.5223951846686,19.619493117767238,1.5658290062267164,-0.3263097246790425
2025-06-07,83.67942134519926,16.281927585724855,39.0,65.82278481012658,7.623287854195023,63.20349148862972,6.298858701576239,0.47367961601384845,-1.0921493902128678
2025-06-08,84.69863203552674,15.959495021290865,44.0,78.48101265822784,4.5258568281169005,58.20401153161995,4.049485051332931,0.4824955615789384,0.008815945565089967
2025-06-09,84.70728194284064,15.575749097270473,44.0,78.48101265822784,4.09109985358458,67.58452032034648,15.869454530812524,1.5385580800948087,1.0560625185158703
2025-06-10,88.36937938426611,16.44891626719399,39.0,89.87341772151899,9.746164164270594,74.45042123482209,19.17499583059171,1.9569678818765917,0.418409801781783
2025-06-11,88.33023458575761,17.054315715625336,41.0,91.13924050632912,9.256814967741084,69.24839120033923,14.938907844604591,1.5309090300662571,-0.42605885181033454
2025-06-12,87.10180360612634,16.788454662507185,39.0,89.87341772151899,7.735873919652857,73.2280535190909,10.920556137658838,1.3581002251749672,-0.1728088048912899
2025-06-13,84.93728398481123,16.565290591794092,39.0,77.21518987341773,9.144959675320857,75.71785934303902,19.722203790022387,1.4806698551058364,0.12256962993086917
2025-06-14,84.99044862318162,16.176251063642187,40.0,79.74683544303798,12.61420409279207,63.336435812027126,6.65431678282303,0.6494903987248076,-0.8311794563810287
2025-06-15,84.53950490934265,15.836777392145976,40.0,75.9493670886076,4.568357471916064,58.62737986340204,5.404941859770803,0.7242126077871506,0.07472220906234295
2025-06-16,84.59687903895005,15.424293129468007,39.0,77.21518987341773,4.224649623467222,70.3711506817897,20.410811453692514,1.8733773084390868,1.1491647006519363
2025-06-17,85.71632996033432,14.794157084584855,37.0,86.07594936708861,8.183881979385783,69.13118151100491,16.14526322605954,1.6021358177691547,-0.2712414906699321
2025-06-18,83.89875886535589,14.99093043960242,36.0,65.82278481012658,9.843112981704339,70.14513199757847,17.558241432726994,1.7077084048565367,0.10557258708738204
2025-06-19,83.93023209641805,15.135481721836195,38.0,72.15189873417721,7.735973306048239,66.80778944392736,9.000838209065405,1.1999357787860403,-0.5077726260704964
2025-06-20,83.90454953865387,15.332923184922805,39.0,68.35443037974683,4.605806687135232,72.53106256783894,14.850734750526923,1.4344393163790474,0.23450353759300713
2025-06-21,82.7820797935264,15.352100646795508,34.0,62.0253164556962,7.810791266982456,60.75528910389926,5.60410811712581,0.5146322691984486,-0.9198070471805988
2025-06-22,81.37349812827911,15.02656137825846,39.0,53.16455696202531,5.518942222560129,57.888252095506566,8.932945903092305,0.7788704700893598,0.2642382008909112
2025-06-23,80.82852207696291,16.262410213030925,35.0,59.49367088607595,13.077283229990607,63.72660139904899,16.51286123466435,1.3901353239473755,0.6112648538580157
2025-06-24,84.56252122382273,16.068752919232587,38.0,82.27848101265823,12.752093515349113,0.0,0.0,-1.4207736814046503,-2.810909005352026
2025-06-25,84.93475161578559,15.582736063817409,46.0,83.54430379746836,8.084103573471655,68.80568793686945,20.337035119378193,1.3727486035363483,2.7935222849409986
2025-06-26,85.94655385648522,14.995078704244868,40.0,93.67088607594937,7.768852833313618,72.09689334318303,20.199034164347342,1.7119200052643442,0.33917140172799587
2025-06-27,85.74256992110098,14.447618275567558,37.0,82.27848101265823,6.201333570661608,69.92298029970478,22.072265441732785,1.826596737785676,0.11467673252133181
2025-06-28,85.81863019225133,14.28665776696763,38.0,82.27848101265823,6.424087274434006,60.97504060335655,5.713974875331755,0.507509939800962,-1.3190867979847138
2025-06-29,86.02113301659105,14.460219424281753,41.0,86.07594936708861,2.2848599108339043,58.96607452882772,5.974023070577983,0.4033046110428697,-0.10420532875809235
2025-06-30,86.87470429437673,14.727017000888765,40.0,83.54430379746836,3.7944028763707,69.4898778299006,24.21070841059379,1.4692956578497098,1.06599104680684
2025-07-01,85.861815241179,14.767652149320575,36.0,81.0126582278481,5.734415123774458,72.34038013809142,12.889268634483637,1.3303194259327529,-0.13897623191695696
2025-07-02,84.64408930966269,14.7690165103382,38.0,79.74683544303798,6.382998136339392,76.3903149327011,16.835344635181535,1.8107693078499891,0.48044988191723625
2025-07-03,87.21758791171425,15.236725581618366,37.0,92.40506329113924,9.28010642249648,76.18576468988103,19.116354218013708,2.136070560603244,0.32530125275325483
2025-07-04,87.84092584497361,15.894960302422223,35.0,92.40506329113924,7.621925884576205,70.29474436553423,28.426873063818945,2.347102785934738,0.21103222533149424
2025-07-05,86.58960822052852,16.00473330566864,34.0,84.81012658227847,6.1830276997688,56.834831679418826,4.826367078248364,0.7117446788937034,-1.6353581070410348
2025-07-06,86.73112588915679,15.131698816377199,13.0,83.54430379746836,2.560766588863315,58.164141569036374,4.8920204774965175,1.144262139525617,0.43251746063191354
2025-07-07,87.53075814493457,15.319214571381186,12.0,92.40506329113924,3.7325929698184703,65.78450485240113,16.713480640694662,1.908572902577174,0.7643107630515571
2025-07-08,86.79784538683421,15.435155059558964,16.0,82.27848101265823,6.500311561146535,69.50934610594476,14.033365501627873,1.7329324043668133,-0.17564049821036076
2025-07-09,87.32077299276565,15.655243833828356,18.0,83.54430379746836,5.224285853883579,72.28277537609775,13.243952785117546,1.7336962519148966,0.0007638475480833407
2025-07-10,89.2236918886484,16.085891588599893,18.0,89.87341772151899,9.454329220121807,80.73414068896362,19.855694123428876,2.4365770263895308,0.7028807744746342
2025-07-11,92.87199818636829,19.22687943109128,19.0,89.87341772151899,14.33101407514663,83.5586408476434,30.770658747226694,3.2030037745285376,0.7664267481390068
2025-07-12,94.22755420400253,23.218826113883775,19.0,100.0,16.366038217176882,66.93593337049197,12.100454235754153,1.7148836320519145,-1.488120142476623
2025-07-13,94.10567925439214,26.33287154575472,18.0,93.67088607594937,6.20912490274878,62.234211361472546,7.799839130819425,1.4715740599791596,-0.24330957207275494
2025-07-14,95.46702529433702,29.820928356124355,19.0,93.67088607594937,6.96376758550689,79.79792996221022,48.605308946298116,4.159304871927606,2.6877308119484464
2025-07-15,96.04095946834684,32.9711760676917,18.0,92.40506329113924,17.572308353186454,74.72231037765789,43.936051603609876,3.5307409289335343,-0.6285639429940719
2025-07-16,94.31344570068522,34.60468599665973,19.0,88.60759493670885,20.4749091128017,72.34078017116082,26.235793166219285,2.585822716843761,-0.9449182120897732
2025-07-17,95.17097372719029,36.55076402291307,30.0,93.67088607594937,12.844515899187012,79.28548760030829,50.927377434170616,3.8902086763704267,1.3043859595266656
2025-07-18,95.72974816372837,38.105783148056524,28.999999999999996,92.40506329113924,12.56616597223088,77.43000088007275,29.22820973635078,2.5737015494504707,-1.316507126919956
2025-07-19,94.5624983360733,38.822361296621246,32.0,93.67088607594937,15.017517302205183,63.64046094477144,10.335552446681803,1.201574608694186,-1.3721269407562846
2025-07-20,94.49251546327655,39.258022190140764,38.0,91.13924050632912,6.102862557448879,60.70901861220528,6.400964783226453,1.1677476995940264,-0.03382690910015973
2025-07-21,93.9758146460261,38.88623031994398,33.0,89.87341772151899,9.358377930602801,71.7117948417069,24.940340653342727,2.4430559996920596,1.2753083000980332
2025-07-22,94.15658134771043,37.620857241405865,28.000000000000004,91.13924050632912,11.81697033528116,69.20892127082506,24.268906077170453,1.9485281492641597,-0.4945278504278998
2025-07-23,96.13883380135599,36.307152733141166,31.0,93.67088607594937,15.028367069776415,71.4327051036219,18.633296762281343,1.5959014814323471,-0.3526266678318126
2025-07-24,95.0755152783898,36.03119161916073,28.000000000000004,89.87341772151899,11.531722506776651,70.5120956665751,19.28648908603656,1.9663573804720067,0.3704558990396596
2025-07-25,94.85541991454825,35.58822434142401,28.999999999999996,88.60759493670885,13.243855648639258,77.01036619027172,39.0844522370765,3.1434823956584936,1.177125015186487
2025-07-26,94.20333694031312,35.144354632722646,25.0,91.13924050632912,23.36083840700217,65.48968048025303,8.503245571300267,1.1903818942655784,-1.9531005013929152
2025-07-27,94.53893219501612,34.5288565255184,30.0,92.40506329113924,6.411750953869709,60.95330547325245,5.777317073348663,1.1905071762539834,0.0001252819884050016
2025-07-28,95.70854882959023,34.04633062396261,24.0,94.9367088607595,7.7056498054941995,70.59050214817758,22.152306527296588,2.246339485390518,1.0558323091365345
2025-07-29,94.57400347985256,33.13682221293194,33.0,92.40506329113924,11.074809826909448,74.87058930204897,22.75915404386129,2.2384622191142554,-0.007877266276262507
2025-07-30,94.45379119315253,32.36577300285514,45.0,93.67088607594937,10.92858927554027,73.89210841429558,17.982446718420714,1.7819103742110192,-0.4565518449032362
2025-07-31,94.437707611819,30.9416300223564,37.0,91.13924050632912,10.978090790411754,77.90830708671916,16.71527306742804,1.996067737278117,0.21415736306709787
2025-08-01,92.72801901601835,28.34183547280834,36.0,82.27848101265823,11.53492616983081,84.90995255607797,26.542413684857813,2.6008314136771475,0.6047636763990305
2025-08-02,90.75212097500179,27.160581911867588,38.0,69.62025316455697,16.776440176685856,70.23060573007368,5.407340879547213,0.664053504300777,-1.9367779093763704
2025-08-03,90.20737167545923,26.327084612389,38.0,67.08860759493672,8.552963422132613,61.68469926847286,6.426524507270972,1.10982489969053,0.44577139538975297
2025-08-04,91.52512523204727,24.453826640506122,48.0,81.0126582278481,6.295313213434937,72.3255789145236,20.287774069326144,2.0787881722194617,0.9689632725289317
2025-08-05,92.27815083773645,22.32719039265813,52.0,75.9493670886076,8.283851783831821,75.95507895319346,15.950528044793533,1.801118576480609,-0.27766959573885264
2025-08-06,91.46841802168342,20.60889331180512,56.99999999999999,68.35443037974683,9.514951838331932,88.74293608271617,13.111971424752896,2.032522879928085,0.23140430344747576
2025-08-07,92.18470923779584,17.873594642848886,69.0,78.48101265822784,8.172803692000596,84.60912768788886,15.373077930179885,1.904720040782781,-0.12780283914530388
2025-08-08,94.14135754973447,14.862852984731722,71.0,93.67088607594937,9.763169862754536,100.0,18.224134318851654,2.4255739989174265,0.5208539581346456
2025-08-09,93.52014565148568,12.978120711674332,86.0,84.81012658227847,8.418837119546774,78.83465033109404,6.827734233635693,0.677813801054855,-1.7477601978625716
2025-08-10,93.3772605933904,12.900063706210151,84.0,87.34177215189874,7.047384744918881,65.27686288733202,7.29358481059757,0.5694922405151269,-0.10832156053972808
2025-08-11,95.58673700850392,13.140376355752018,76.0,88.60759493670885,9.474547819888567,73.69889244177519,20.070639367137062,1.8690502126300559,1.299557972114929
2025-08-12,95.191520453974,13.269238846992625,78.0,86.07594936708861,15.742515023724224,72.51039419258659,19.693275523281308,1.6399670883763042,-0.22908312425375166
2025-08-13,96.33658342982588,13.565063759194446,91.0,92.40506329113924,11.969119309367986,74.94046174483758,22.07355556596422,1.6037845302860203,-0.03618255809028392
2025-08-14,99.02822753630603,15.306680436919462,99.0,94.9367088607595,15.762489418173992,84.05668201904692,24.685473418798686,2.207447942104391,0.6036634118183708
2025-08-15,94.89642270799295,15.34760094580491,98.0,75.9493670886076,18.823261875139842,74.12852795831122,24.00680377678574,1.9224208483555139,-0.28502709374887725
2025-08-16,94.04223185352426,15.266318172169226,97.0,70.88607594936708,11.287712418840465,63.385373190850444,9.42814951081316,0.7718324458872426,-1.150588402468271
2025-08-17,94.17160597636955,15.054888858594481,100.0,81.0126582278481,5.916267735650111,57.98706026364846,7.935064317400609,0.5941139799859368,-0.1777184659013058
2025-08-18,94.2049626916062,15.037224783313214,96.0,75.9493670886076,5.33079194036194,67.49397950230552,18.590164509168957,1.3839362721319701,0.7898222921460333
2025-08-19,93.17395528577738,15.084491849923756,80.0,70.88607594936708,12.070305524533795,67.74626702474072,24.734015298306947,1.5258626586786748,0.14192638654670464
2025-08-20,90.38645016456285,16.096586939413964,62.0,55.69620253164557,11.769161441243421,71.32269600953678,20.16632253056187,1.7232969558852511,0.19743429720657635
2025-08-21,91.56783292545273,16.489153578394493,60.0,63.29113924050633,10.75165287100639,71.5656494270193,23.98039090589829,1.8514604608643017,0.1281635049790506
2025-08-22,90.09476568173154,17.02732719049364,76.0,63.29113924050633,8.171705347985595,74.59469982851917,26.25287434969351,1.5159991350322692,-0.3354613258320325
2025-08-23,93.63706377956508,16.869646393732335,70.0,75.9493670886076,12.972999913204287,64.93990169854041,13.874536412878777,0.9427631644957388,-0.5732359705365304
2025-08-24,92.45551007014373,16.827775612503203,56.00000000000001,67.08860759493672,6.962714110798,59.16195738847745,18.894773885668386,1.4455453628223682,0.5027821983266294
2025-08-25,90.88431517324922,17.256587043197502,56.00000000000001,59.49367088607595,10.373333362412941,70.12833060866365,19.8346487380121,1.7552197610076063,0.3096743981852381
2025-08-26,88.30829236221992,18.831794160446012,61.0,60.75949367088608,13.47702569840646,70.49942795271076,21.441666697125815,1.413163167784824,-0.34205659322278237
2025-08-27,89.63658358132773,19.148753013949772,53.0,64.55696202531645,10.970282076657593,70.26780880552792,17.686586624932097,1.1128985895948245,-0.3002645781899995
2025-08-28,89.13437345259153,19.85440622864814,48.0,60.75949367088608,9.423589599877404,73.06137307350741,17.92487887117401,1.3847865136461526,0.2718879240513281
2025-08-29,90.18388518707332,20.066485694389023,63.0,63.29113924050633,8.726110292692137,79.67671994218189,39.40056822589311,2.671139354308318,1.2863528406621654
2025-08-30,86.94177811028639,21.686012844369273,56.99999999999999,49.36708860759494,13.183093840596708,66.12613309366908,15.706754239591927,1.0170497911675642,-1.6540895631407537
2025-08-31,87.18353665113416,23.11638108537161,59.0,60.75949367088608,7.088486757295466,59.542522181833704,7.922771649073476,0.5158958415839808,-0.5011539495835834
2025-09-01,86.75989195051142,24.51362212988061,61.0,58.22784810126582,6.665452388592755,69.49867855742741,16.90847655364883,1.0134689554966065,0.4975731139126257
2025-09-02,87.48867217714825,25.367624522982346,54.0,62.0253164556962,10.96411422091085,72.645338681331,19.649008398910034,1.2177017370964578,0.20423278159985125
2025-09-03,89.11361367897868,25.746120367956433,55.00000000000001,69.62025316455697,12.809124640417544,72.20556899370348,18.818170758389343,1.3399744272543461,0.12227269015788833
2025-09-04,89.53144089742386,25.99694117732862,56.99999999999999,64.55696202531645,9.282884680345642,72.06395728713574,18.476116328419778,1.318613472332491,-0.02136095492185519
2025-09-05,88.74058119190025,26.424032936520586,59.0,60.75949367088608,9.869925500356402,78.3874133595044,22.15830364412595,1.729807696875089,0.41119422454259813
2025-09-06,88.69044614954399,26.8218683587964,57.99999999999999,60.75949367088608,14.28419535447636,64.17543850291624,5.886993804544349,0.10664707102515038,-1.6231606258499387
2025-09-07,88.32739448262362,26.971767201583656,60.0,55.69620253164557,4.93153971236168,61.149988399040986,4.446352527860975,0.30853078434527126,0.2018837133201209
2025-09-08,89.06697740783541,26.992877961643046,62.0,64.55696202531645,5.647092449851119,68.24990865911582,13.121388263329084,0.9489760536609889,0.6404452693157177
2025-09-09,89.78278351684963,26.872105034806747,62.0,60.75949367088608,9.475081533580553,73.28739175771864,18.24362339197563,1.2667774105803247,0.31780135691933575
2025-09-10,89.39993845333146,26.04242014866574,60.0,62.0253164556962,11.560366206208965,72.2762415026309,18.89371592758999,1.310353192308784,0.04357578172845944
2025-09-11,91.34577244066303,25.16178611269082,31.0,68.35443037974683,13.311367853361004,71.70632772309177,22.123636385068593,1.7997544637044203,0.48940127139563616
2025-09-12,92.5702645294943,23.76325020850433,30.0,72.15189873417721,11.156193723435571,72.45198936445412,23.700303174575296,1.8661400636174033,0.06638559991298298
2025-09-13,93.09680002835967,20.133331475283338,37.0,65.82278481012658,13.053266272250339,70.15939984372042,9.914669274727821,0.897670583921472,-0.9684694796959312
2025-09-14,92.94487790626621,19.292356485207087,34.0,69.62025316455697,7.66573409064325,65.97478724907926,6.676442828874969,0.9189652848803884,0.02129470095891639
2025-09-15,92.46638745262122,18.711605805805533,31.0,67.08860759493672,6.856305023880614,73.2807245398953,21.729216533417407,2.012535648101948,1.0935703632215594
2025-09-16,92.48537959986692,18.040032326543717,28.999999999999996,65.82278481012658,11.970774508217785,72.84068816355486,18.86421229984733,1.6723499103884467,-0.34018573771350114
2025-09-17,93.57984025782872,17.732546607567052,30.0,67.08860759493672,10.19020417760717,68.99610367790405,22.19993805663786,1.6718002309437752,-0.000549679444671547
2025-09-18,93.33387201623809,17.79780022981263,28.999999999999996,65.82278481012658,13.957941583138355,71.60111902583947,23.139721972948063,1.8231578359766747,0.15135760503289952
2025-09-19,93.8865122497656,18.63460317367079,31.0,67.08860759493672,11.128030851445777,73.76543127565212,20.412880124088144,1.8857973669486054,0.06263953097193076
2025-09-20,92.69260126158393,18.883462197023807,33.0,60.75949367088608,8.74503660714751,71.45083993610139,11.14406164211077,1.1439708422505293,-0.7418265246980762
2025-09-21,92.74045188648893,19.195594330684983,32.0,62.0253164556962,4.7872697937993385,62.34582058783526,6.030855047550059,0.8702952232304481,-0.2736756190200812
2025-09-22,92.41102669072764,18.7997914388964,32.0,56.9620253164557,4.757732776650632,68.77128509290101,26.42722702066413,2.083560479000248,1.2132652557698003
2025-09-23,90.32104860649422,18.54215441167745,28.000000000000004,54.43037974683544,17.632582370438655,67.55891820390487,22.915580799858898,1.6389302436583615,-0.4446302353418867
2025-09-24,89.78040889212538,18.55446287044973,31.0,55.69620253164557,11.768649893531629,66.98407068317648,18.890856226475854,1.469694777260994,-0.16923546639736742
2025-09-25,90.82101697088275,18.261017726940224,33.0,55.69620253164557,11.90191975467054,72.2858422962965,24.40876855898508,1.757877901158384,0.28818312389739
2025-09-26,87.32905861270609,18.85961732058372,31.0,35.44303797468354,18.991495742919952,73.76183097802752,29.05180982538034,2.0995034017665373,0.3416255006081532
2025-09-27,87.92748581196399,19.148748746984474,31.0,41.77215189873418,14.08957888025594,64.56720422221571,9.957810365209891,0.8713748103111386,-1.2281285914553988
2025-09-28,87.88308653466089,19.52652389012446,32.0,46.835443037974684,5.939772645141175,61.143321181217644,7.764661588060036,0.8145448639105407,-0.05682994640059791
2025-09-29,89.87690994481045,18.801507421323432,30.0,63.29113924050633,7.974464819945218,69.51708007861983,21.274342071420705,1.7491944611779664,0.9346495972674257
2025-09-30,91.61331762813141,18.177069355498034,31.0,63.29113924050633,14.746432636661352,74.85552138976821,32.11660786522002,1.9585427198213974,0.20934825864343098
2025-10-01,91.38496580911625,17.189058399083944,32.0,62.0253164556962,14.717264243215,76.97236304867869,30.68222194042865,2.188103422697755,0.22956070287635755
2025-10-02,94.97468348679926,17.631628858316738,34.0,81.0126582278481,17.82836677541622,79.44336731836499,31.687362886006554,2.3755792809631235,0.1874758582653686
2025-10-03,96.66452504714591,19.45737337341216,34.0,79.74683544303798,18.168173654631893,79.39683013795808,39.604604303750094,2.2482619040785368,-0.12731737688458677
2025-10-04,97.97765054610004,21.890075534585023,27.0,89.87341772151899,21.203113780335293,72.55319773101243,14.516646534349368,1.1347117893954475,-1.1135501146830893
2025-10-05,98.08246864255266,23.687281982092635,31.0,93.67088607594937,8.965571641311971,66.39868895828722,13.277034222759564,1.2302333452677805,0.09552155587233302
2025-10-06,98.98430119627328,25.618949298822102,27.0,89.87341772151899,18.361611795055417,73.380332774176,28.90014025178344,2.4290691829800894,1.198835837712309
2025-10-07,100.0,27.605250093081075,31.0,88.60759493670885,17.748254576855174,74.92899413018142,33.27866656946612,2.420175509008507,-0.008893673971582583
2025-10-08,97.39147168245476,28.02879189796632,27.0,75.9493670886076,19.401018900308685,72.90976054020466,32.55601855231616,2.2756738988037117,-0.14450161020479513
2025-10-09,98.86113376496202,29.104981492855554,28.000000000000004,88.60759493670885,15.955743801264163,72.45012254346359,26.004046662610993,2.0982087157043385,-0.1774651830993732
2025-10-10,97.53515180700563,29.26769429343833,28.999999999999996,81.0126582278481,18.383494487933177,77.92497513127752,26.334812018339022,2.2186507603779435,0.12044204467360498
2025-10-11,90.72578165554538,29.38809684433042,40.0,34.177215189873415,38.50280239664446,72.91016057327406,23.942657403632296,1.7198566397217003,-0.4987941206562432
2025-10-12,88.8434718320477,30.17956746149225,37.0,30.37974683544304,27.702198590783915,62.072731345791254,9.521131483739468,1.16271756157258,-0.5571390781491203
2025-10-13,92.31893299874602,30.211178643059,32.0,48.10126582278481,23.931843974512272,67.3346329963277,15.537190014568425,1.3316693978105025,0.16895183623792254
2025-10-14,92.34514974772051,30.237471082533506,28.000000000000004,48.10126582278481,17.577233066919582,69.90164520267008,33.528230026084934,2.351647965923594,1.0199785681130913
2025-10-15,90.68957909639606,30.462752022859735,28.000000000000004,43.037974683544306,23.257354690419675,72.38345036523019,37.42887721959535,2.3476939799311083,-0.003953985992485531
2025-10-16,88.72770444512958,31.194949720910415,28.999999999999996,35.44303797468354,17.562459049149155,74.27267320765183,22.576845857320922,1.9191799644753098,-0.4285140154557985
2025-10-17,86.61832960604507,32.680333349395326,28.000000000000004,27.848101265822784,21.615605442797072,78.88838810675016,27.569805082564702,2.0719465483614465,0.15276658388613673
2025-10-18,85.30946469261697,34.61452081811298,32.0,29.11392405063291,24.051210104877978,64.27077971779,9.07441514543427,-0.8113945122373466,-2.8833410605987932
2025-10-19,85.88041235348858,35.99212519579744,31.0,36.708860759493675,8.774643672485848,59.20422754947743,8.602126045469193,-0.6111585962565885,0.20023591598075807
2025-10-20,87.05464517079567,36.84977120046843,31.0,36.708860759493675,11.569461698030118,67.67892812472498,20.468060515583144,0.6665340391944453,1.2776926354510338
2025-10-21,88.6474805923686,37.19553494825028,31.0,43.037974683544306,15.414182629306584,71.85153972728412,25.607086601671636,1.3373819274389527,0.6708478882445074
2025-10-22,86.94642329567465,37.9560581315935,28.999999999999996,31.645569620253166,26.98762151991791,67.67466110531804,26.13739190406295,0.9168529235641752,-0.42052900387477743
2025-10-23,86.25102251074087,38.83160413865242,28.000000000000004,34.177215189873415,21.417550265993206,70.31061234395378,20.870850808532833,0.8426636928247582,-0.07418923073941708
2025-10-24,88.19862471880086,39.08740698897147,28.999999999999996,37.9746835443038,14.328096163788889,72.90642693129298,21.264693598795755,0.7174753004363611,-0.12518839238839707
2025-10-25,88.95943213043921,39.274969101509434,26.0,46.835443037974684,12.524931915842249,61.50441769852974,8.35378313742254,-0.3249843104117274,-1.0424596108480886
2025-10-26,89.45834012033657,38.858910859236175,28.999999999999996,50.63291139240506,5.919368357772399,57.75037403091989,11.726735432462268,0.4113159340765073,0.7363002444882347
2025-10-27,91.74704943246819,38.43073242920978,30.0,64.55696202531645,10.832456451562644,69.68082694836106,27.58707523851151,1.5183767007825615,1.1070607667060541
2025-10-28,91.51204935017837,37.9575598224278,25.0,63.29113924050633,16.25885808021149,67.25755995828987,24.764219259562132,1.2749927577505427,-0.24338394303201882
2025-10-29,90.52430298242078,37.89064640762408,25.0,64.55696202531645,16.905162983077737,68.94476610066432,22.271695375242984,0.5745446201329402,-0.7004481376176025
2025-10-30,88.1971428220668,38.29704856533699,25.0,43.037974683544306,16.37883360353736,72.11409476516725,24.85767901812598,1.0015325114132458,0.4269878912803057
2025-10-31,86.74979715011855,39.047331609413796,25.0,36.708860759493675,18.52414010164155,76.3228426883289,26.038685296348145,1.4866909749224628,0.485158463509217
2025-11-01,87.81824532308217,39.05789737133293,26.0,41.77215189873418,14.993048920762417,66.49616368286445,12.118798339835807,0.6885565376010382,-0.7981344373214246
2025-11-02,88.17106862484874,38.37986236207447,25.0,46.835443037974684,6.358855129335009,59.5393219172785,5.660045017481163,0.472179112710364,-0.21637742489067419
2025-11-03,88.68085128911224,36.88341982171913,28.000000000000004,53.16455696202531,8.949545602817091,73.03297072557999,24.472033280335523,1.833210991409438,1.361031878699074
2025-11-04,85.37155703057381,35.82631938071194,27.0,26.582278481012654,19.141077439328818,77.7125575714259,30.043529952318558,1.967391647918989,0.1341806565095509
2025-11-05,81.45581178559854,35.55104369315022,27.0,29.11392405063291,27.784265957902093,73.39446727596149,22.983775755187462,1.3820699183953036,-0.5853217295236854
2025-11-06,83.2532170750938,32.90030899386181,26.0,34.177215189873415,19.654986419017035,71.31002829567244,26.780718507559705,1.2839657251358265,-0.09810419325947706
2025-11-07,81.2052508030865,32.38071890634528,27.0,30.37974683544304,16.348972629401754,75.93214372388117,36.75675018243797,1.705052139364472,0.42108641422864546
2025-11-08,82.86701695099737,29.15255114564917,26.0,25.31645569620253,23.87317345865682,62.73598617485712,7.479425253795374,0.08432992510445904,-1.6207222142600128
2025-11-09,81.98065326285928,26.47692608043141,25.0,27.848101265822784,13.028526089646208,59.00461104784662,5.252866324525437,0.2548111328724163,0.17048120776795728
2025-11-10,83.91980004515266,26.548834171075093,26.0,36.708860759493675,15.286782876980762,70.25887473364465,19.668841557087237,1.354625751794049,1.0998146189216327
2025-11-11,84.88105706490131,26.693258510861494,27.0,32.91139240506329,17.223136512893277,67.53531625281023,18.755447261683077,0.4726135294874338,-0.8820122223066151
2025-11-12,82.5181379484816,26.338782955133887,27.0,30.37974683544304,18.105817496684853,67.32823246721729,18.162692563910998,0.08336174705168721,-0.3892517824357466
2025-11-13,81.36479452576685,26.160740536278297,25.0,18.9873417721519,16.148607210035703,0.0,0.0,-2.5781519638189088,-2.661513710870596
2025-11-14,79.92918914421186,27.1616797795867,26.0,20.253164556962027,25.61631464046286,0.0,0.0,-2.5455400762977862,0.03261188752112254
2025-11-15,75.70228249707833,31.22435161353944,22.0,12.658227848101266,28.86350205427594,0.0,0.0,-2.981608855506524,-0.43606877920873766
2025-11-16,76.54534328093744,34.215134344084824,22.0,12.658227848101266,9.960126328699639,60.592608989009754,8.179812574244053,-0.18896773848839618,2.792641117018128
2025-11-17,75.66616568737837,37.34024064602014,25.0,17.72151898734177,18.523184509964313,68.68434457248466,33.026229754862804,1.292882008506066,1.481849746994462
2025-11-18,73.76303416456255,41.150214497267235,27.0,13.924050632911392,24.42586983804119,68.96730129690721,37.003530507809316,1.304247058126496,0.011365049620430057
2025-11-19,74.39059823769395,43.86518913571256,30.0,18.9873417721519,26.476601735880788,71.38190090380805,29.92286736539767,0.9404405504607117,-0.36380650766578426
2025-11-20,73.22329850497998,46.4079128715351,32.0,13.924050632911392,21.137441991431665,72.6842752334193,25.99335370923149,0.6543476952037225,-0.28609285525698924
2025-11-21,69.4458092970665,51.01387482000678,35.0,17.72151898734177,25.286801082665285,80.43384919820038,37.32979183258943,0.995219846904872,0.3408721517011495
2025-11-22,68.16495194814387,55.68874392784775,30.0,13.924050632911392,34.446360607774004,64.68801420917463,100.0,3.400179940482409,2.404960093577537
2025-11-23,67.86907372586931,59.29204334445269,27.0,16.455696202531644,10.873687075808105,59.04701455320307,30.75039126369618,0.49990787943391146,-2.9002720610484976
2025-11-24,69.55310377897365,61.085260066712166,27.0,24.050632911392405,15.412775451842151,67.13168288578522,24.16978454487771,0.19788078257744415,-0.30202709685646734
2025-11-25,70.71161070828805,61.68538208412806,28.000000000000004,25.31645569620253,19.788186048126043,68.42779003064253,18.8614123147795,-0.29157439183081973,-0.4894551744082639
2025-11-26,69.97505547254546,61.118374438299696,39.0,18.9873417721519,17.327650283031968,71.39830225965346,15.76335308520954,-0.4656539120498809,-0.17407952021906115
2025-11-27,72.51076615749436,59.19387208341828,41.0,27.848101265822784,17.76978511080431,70.1136627294523,15.520921616305621,-0.3350314688064862,0.13062244324339467
2025-11-28,73.15580195353759,57.054177047446366,39.0,31.645569620253166,15.119190006043512,72.48639220842257,16.6093384425601,-0.27793922051743974,0.057092248289046466
2025-11-29,72.89237775611383,55.609618849435336,39.0,35.44303797468354,16.021315476726564,63.470580234632735,6.084873765283834,-1.499836983072615,-1.2218977625551752
2025-11-30,72.80508007672844,54.43627353294956,39.0,35.44303797468354,10.009023509014355,60.1068354984012,6.0660258335609365,-0.6563219056090767,0.8435150774635384
2025-12-01,72.45631365796224,52.50772936602194,53.0,30.37974683544304,10.28464119606774,74.39628342609656,23.010701833245545,0.4566576493342385,1.1129795549433152
2025-12-02,69.15049229697729,50.85364946516068,46.0,29.11392405063291,23.710489819919346,72.80815214057695,18.57492690518422,0.017681787127649302,-0.43897586220658924
2025-12-03,73.2084350650599,47.220545925377024,49.0,35.44303797468354,21.198679322109914,72.37758321354565,21.42432113276193,0.23150854098184384,0.21382675385419453
2025-12-04,75.03150214790796,44.80568929199114,45.0,32.91139240506329,20.762940027617955,72.01702007365942,13.882248157585295,0.02792659218416955,-0.2035819487976743
2025-12-05,73.84636811490594,43.9106273083529,36.0,35.44303797468354,17.307724026686124,71.23855572060623,17.607844181852215,0.3927332092871419,0.36480661710297235
2025-12-06,71.57536308105847,42.44321250837119,37.0,29.11392405063291,12.798333364157669,62.057530089154035,5.214681482316857,-0.555732876522476,-0.9484660858096179
2025-12-07,71.5254089965724,41.58528588255103,38.0,25.31645569620253,6.328308977053554,58.47723411802043,4.2848821341535475,-0.4891341308683896,0.06659874565408647
2025-12-08,72.26125835408307,39.62694165650318,37.0,25.31645569620253,8.64716749136057,63.668729948342396,23.092219104224892,0.5645780287011134,1.053712159569503
2025-12-09,72.62603641221689,37.77184633335447,35.0,27.848101265822784,11.593124339523287,67.71146414770288,16.605773878227854,-0.14159314951759053,-0.7061711782187039
2025-12-10,74.31322164094544,34.33372488088068,36.0,32.91139240506329,13.915657853656798,68.2315071379234,20.183635322268923,0.2778109075359873,0.41940405705357786
2025-12-11,73.73771760863573,29.35568397805433,35.0,36.708860759493675,13.307408558753822,68.45312545837122,18.388675880666952,0.18438214011766219,-0.09342876741832512
2025-12-12,74.12965959517159,25.500552437590752,32.0,36.708860759493675,13.5732826541022,71.71686192725265,18.502260523562867,0.5050746943436625,0.3206925542260003
2025-12-13,72.37695049711381,21.79555877287482,28.000000000000004,29.11392405063291,17.27511115304101,61.78764111166522,6.8810491930641815,-0.30114457279410534,-0.8062192671377678
2025-12-14,72.3370133359363,18.553473752626306,28.000000000000004,26.582278481012654,8.98116357486401,57.29246951081289,4.878828884624499,-0.3376901927368808,-0.03654561994277544
2025-12-15,70.71274611475495,18.02261852336073,26.0,20.253164556962027,8.620558984766316,67.69399603700572,14.350530253158809,0.35554748167336286,0.6932376744102436
2025-12-16,69.25662365744977,17.323351732430204,28.000000000000004,13.924050632911392,12.909851133710676,67.64799223402468,18.03734556152012,0.4119195357345514,0.05637205406118856
2025-12-17,70.38504441878948,16.538556137259324,33.0,20.253164556962027,12.320143567771144,68.18790353335876,21.390846392645166,0.564140087682827,0.15222055194827555
2025-12-18,68.97693940207213,16.864566000230923,38.0,21.518987341772153,12.465238169128828,69.12851462387557,16.86781309185531,0.3709474142384876,-0.19319267344433938
2025-12-19,68.48435410095742,17.05065759616806,28.999999999999996,20.253164556962027,14.954457754731623,74.161597358715,15.361523269306279,0.5050450678264247,0.13409765358793707
2025-12-20,70.61103114475172,16.89794415941706,26.0,25.31645569620253,13.24182513677281,65.15125250354029,8.518662290972454,-0.298281039523404,-0.8033261073498287
2025-12-21,70.80665147468456,16.62560642538099,24.0,25.31645569620253,4.361107160331984,58.15734100685657,4.3145182541849945,-0.42173696615525497,-0.12345592663185095
2025-12-22,70.99056653899774,15.775749635798014,23.0,31.645569620253166,5.747617811475723,66.34481783827462,15.106714370513727,0.31765835064581527,0.7393953168010703
2025-12-23,70.92140107516566,14.660271134254796,23.0,30.37974683544304,10.696214301866553,69.46974283207412,20.869220770756844,0.45184225378542486,0.1341839031396096
2025-12-24,70.0520788481306,14.499197719412715,21.0,30.37974683544304,11.819369814167512,68.5279316423491,19.702663004724872,0.4709866315077614,0.019144377722336514
2025-12-25,70.24135982385104,14.597871926280066,23.0,29.11392405063291,7.420132248757502,57.55395779384429,5.179889448747896,-0.6025476058112749,-1.0735342373190362
2025-12-26,69.91049774668107,14.617059187048905,23.0,25.31645569620253,5.806852306378146,63.72806818697012,16.185025587750932,0.02146941027415478,0.6240170160854297
2025-12-27,69.97154908729388,14.797738097641755,27.0,29.11392405063291,12.017402479129338,60.98317460910102,5.750198112265726,-0.4818684215120156,-0.5033378317861704
2025-12-28,70.37311401743473,14.711668514664098,25.0,30.37974683544304,3.995804239838321,58.122671474175206,3.6149783182736073,-0.3091064881153344,0.17276193339668117
2025-12-29,70.38586117844548,14.649340103698394,23.0,30.37974683544304,4.443943499247259,68.85075832935522,30.805363760498373,1.4405003318683887,1.7496068199837231
2025-12-30,69.85181702162454,14.684456346047355,25.0,29.11392405063291,13.758293585306172,71.98555080553326,20.91713062104682,0.8071998963275303,-0.6333004355408584
2025-12-31,70.86009667791657,14.594876165487975,23.0,26.582278481012654,10.131500810875654,72.97563265229925,29.659846003774227,1.2713678968600681,0.4641680005325378
2026-01-01,70.14323932094399,14.313765978019392,22.0,25.31645569620253,9.496812974245652,58.85579874602968,9.354122995503586,-0.04511401218275266,-1.3164819090428208
2026-01-02,71.11098445546057,13.999213452106298,25.0,35.44303797468354,5.396209649552751,69.13024810050963,15.3594974844527,0.5888304324915078,0.6339444446742605
2026-01-03,72.07161241570049,12.726008064726829,26.0,36.708860759493675,12.928948330929568,63.200957945856864,4.236268037128702,-0.32650295200747,-0.9153333844989777
2026-01-04,72.60664199989347,12.216892562560917,25.0,31.645569620253166,5.987158019776792,61.37587373889575,4.2922875229649415,-0.03114499996485807,0.2953579520426119
2026-01-05,73.23126293131665,12.627866964780644,24.0,32.91139240506329,7.917242407241298,69.33759857481552,20.2198677060283,1.021061614754126,1.0522066147189841
2026-01-06,75.27783499913016,14.118722347148175,28.000000000000004,55.69620253164557,15.159072053993174,69.05744208187878,19.03513697561729,0.584501050572914,-0.43656056418121203
2026-01-07,75.06951211143668,15.208883507904606,26.0,53.16455696202531,14.646009580287261,64.68361384541123,17.063841952071922,0.4618731465528636,-0.12262790402005042
2026-01-08,73.13824603825095,15.330754235748714,24.0,35.44303797468354,12.216380801637264,63.54992012673048,15.99386160423532,0.3515602973687921,-0.11031284918407153
2026-01-09,72.91893693745465,14.824780117140895,25.0,34.177215189873415,12.320495267552909,68.39725417301163,21.440550312669473,1.064910965637452,0.7133506682686599
2026-01-10,72.53534575306564,14.463493029775801,23.0,31.645569620253166,11.133745613976421,60.21191085129705,13.909495240172372,0.16285493008348628,-0.9020560355539657
2026-01-11,72.48495322517908,13.89084624677957,23.0,36.708860759493675,3.55996802212679,55.026948894441944,8.53917952482797,-0.07014138151447467,-0.23299631159796097
2026-01-12,72.78737872873558,13.985250294602707,23.0,34.177215189873415,5.066684483435567,62.6163762871064,18.812095773814544,0.6329322529946096,0.7030736345090843
2026-01-13,73.04031959330557,14.156288427155603,26.0,32.91139240506329,11.964528526383152,65.2576613000008,23.980751714393,0.990688983483943,0.3577567304893333
2026-01-14,76.34668901104749,16.10303263171902,27.0,60.75949367088608,17.04411605459963,66.87859529721123,22.366056047347254,1.0080878223415406,0.01739883885759763
2026-01-15,77.74709725193888,18.360390158292315,30.0,77.21518987341773,17.449323433885088,68.90302931709022,22.87765621521176,0.9485747962384711,-0.05951302610306952
2026-01-16,76.60666862233253,19.657955640407064,25.0,62.0253164556962,15.20453174350756,68.9496998418536,16.052396764320964,0.5981011908496101,-0.35047360538886096
2026-01-17,76.5515685775484,20.26631213960912,27.0,63.29113924050633,9.487390788789703,60.24244670892793,5.135733611183009,-0.2311076034186291,-0.8292087942682392
2026-01-18,76.21772704321036,20.2518093746982,26.0,62.0253164556962,4.548728660991727,54.918139899565034,4.030931929887033,-0.09020039933480255,0.14090720408382656
2026-01-19,75.13831028819433,20.41791262026201,28.000000000000004,55.69620253164557,5.898373116515381,61.35107168859293,8.58836890527164,0.2066930003446045,0.29689339967940703
2026-01-20,74.18118209239786,20.33305939328774,26.0,40.50632911392405,11.050641682621317,62.183807194728104,16.823358313557872,0.3542787509787038,0.14758575063409932
2026-01-21,70.77851844098039,20.380911686131277,28.999999999999996,30.37974683544304,15.446436561233675,67.13288298499343,22.93344699712401,0.9035370567801456,0.5492583058014417
2026-01-22,71.61323348372784,20.255828295987666,27.0,25.31645569620253,15.900082027862862,63.80794145649374,18.100692981963697,0.804117614886377,-0.09941944189376861
2026-01-23,71.68460573863238,19.869439384050285,26.0,30.37974683544304,10.021227584844366,66.69778034984225,11.979688623534281,0.4767157325255407,-0.3274018823608363
2026-01-24,71.65976156908268,19.53311854426368,27.0,31.645569620253166,11.064515543930554,56.22944830105956,3.6243797218338965,-0.04057522140220241,-0.5172909539277432
2026-01-25,71.46619094849108,19.09518017013208,31.0,31.645569620253166,4.216735323248991,55.96929346159283,6.794115948221063,0.24847532787023704,0.28905054927243945
2026-01-26,69.36434132688167,19.347324589282326,28.999999999999996,25.31645569620253,10.17696349353341,62.05339641410357,13.156343972608381,0.5868293160485847,0.3383539881783476
2026-01-27,70.77452774970115,19.227682039789865,28.000000000000004,36.708860759493675,12.913404256006212,63.393773885307844,10.391994396065893,0.12095806926734008,-0.4658712467812446
2026-01-28,71.49291837773721,18.94271492293554,30.0,36.708860759493675,11.1627062871739,64.75895340681497,14.889119818267723,0.07920098688645587,-0.041757082380884214
2026-01-29,71.45915689960532,18.450889241023873,31.0,32.91139240506329,11.70193926587298,69.55388312100467,16.76536346448257,0.22939198171147868,0.1501909948250228
2026-01-30,67.77913858522183,19.8879346823782,33.0,20.253164556962027,18.09416468883293,77.45813653928725,25.41870400037306,1.107301210096532,0.8779092283850534
2026-01-31,67.43561174385584,21.20651311684516,32.0,25.31645569620253,20.274988884513938,70.35314919366668,14.71074413398476,0.32099688964294093,-0.7863043204535911
2026-02-01,63.09501083616027,25.874560003079868,39.0,17.72151898734177,20.01314266654027,62.33528638367438,13.43885783499379,0.1032303849878005,-0.2177665046551404
2026-02-02,61.66137760917022,30.843217368927338,33.0,17.72151898734177,14.873271979592834,69.4958783259416,26.855802995584575,0.6849734184008199,0.5817430334130195
2026-02-03,63.12851122835611,33.85042588835449,32.0,21.518987341772153,21.59060948289686,73.43887094666492,22.854452757053124,0.6948116418665328,0.009838223465712836
2026-02-04,60.62100663403201,37.9499022402319,35.0,17.72151898734177,18.800876338670196,70.98866839658746,23.991974739679968,0.6509194351486103,-0.04389220671792249
2026-02-05,58.644092860778876,42.25861077344358,52.0,15.18987341772152,18.896489000893972,82.57962658246414,36.204456970982044,1.3626484832380759,0.7117290480894656
2026-02-06,50.37422709011612,52.24445980991944,44.0,11.39240506329114,36.31022007524415,86.17192354567977,32.37190674430256,0.7127608208238184,-0.6498876624142574
2026-02-07,56.521576711570845,56.002091249228336,33.0,7.59493670886076,32.80666545499683,64.21144147916227,10.486496765964908,-0.872594861834823,-1.5853556826586415
2026-02-08,55.53807675696708,59.704773407884105,37.0,8.860759493670885,17.588180569278975,59.02261253596964,7.268227614537475,-1.3563785347786885,-0.4837836729438655
2026-02-09,56.53633875885286,62.37915952226649,42.0,17.72151898734177,10.908877741121824,64.16903797380583,20.360387003395562,-0.36354570509953493,0.9928328296791535
2026-02-10,56.17891803851184,64.78530283150744,40.0,11.39240506329114,14.308321360654755,64.90709898684958,16.35183663641773,-0.7469078664752974,-0.38336216137576246
2026-02-11,55.12380856158683,67.17229911171746,35.0,13.924050632911392,10.967828400634701,65.36953721507645,14.542614485954964,-0.756896377941023,-0.009988511465725658
2026-02-12,53.647270450864895,69.69495776676943,34.0,6.329113924050633,14.002870319562083,67.23049105392712,16.54668359141215,-0.6683769011254426,0.08851947681558048
2026-02-13,53.04377394944202,70.965862022185,51.0,11.39240506329114,12.137273366069298,69.55281636615294,15.758739891942444,-1.5160708051548752,-0.8476939040294327
2026-02-14,55.1710662633608,70.20673188711643,45.0,11.39240506329114,11.04258138152269,61.07384877149844,6.576667734850206,-2.061769968620668,-0.5456991634657928
2026-02-15,55.91378921495509,69.12072733126996,51.0,10.126582278481013,9.91540497414586,53.24173465006441,3.304865186171993,-1.8935530303869854,0.16821693823368267
2026-02-16,55.07305545002873,67.7770361879251,53.0,15.18987341772152,11.254775681159563,58.71205352975846,8.039003959548412,-1.133613564759891,0.7599394656270944
2026-02-17,55.226293235764636,65.95668533668378,59.0,12.658227848101266,9.380576148259937,59.58679250818067,10.915162849235884,-1.2217710024520492,-0.08815743769215811
2026-02-18,54.089571063331036,64.40724946059339,48.0,10.126582278481013,9.775742899252657,60.55940624424952,9.803218847186654,-1.0155208744396922,0.20625012801235698
2026-02-19,53.26158950277298,62.987146724744505,49.0,11.39240506329114,9.268173355859306,63.101483055932626,9.587590042146982,-1.192111795339279,-0.17659092089958683
2026-02-20,53.63212521917965,62.39665466190749,35.0,8.860759493670885,8.71548880211499,65.84024279340426,18.131691177572424,-0.4133560981783929,0.7787556971608861
2026-02-21,54.47494022980739,60.8328946240797,37.0,10.126582278481013,13.648726587545287,59.65013107750241,4.2408689902174785,-1.2544269434304147,-0.8410708452520218
2026-02-22,54.481043296689634,58.78411165239743,38.0,11.39240506329114,5.2729737058640165,54.51490656560942,3.161334212149213,-1.447327803207233,-0.19290085977681826
2026-02-23,54.1662394106897,56.31410214048018,36.0,6.329113924050633,5.190093417043335,61.17359035013561,10.286185083392148,-0.8471319837539385,0.6001958194532945
2026-02-24,51.75582069973604,54.00899807841999,35.0,10.126582278481013,14.46368459733728,66.80752275521444,13.229968191529402,-0.5248997967438409,0.3222321870100976
2026-02-25,51.35233583942323,52.34287108663015,52.0,13.924050632911392,11.439621265676294,67.9953542826207,11.81497449835471,-0.7499364294965218,-0.22503663275268093
2026-02-26,54.45658523137492,48.50246442515005,48.0,13.924050632911392,13.959642845428622,69.58521904477438,12.748345306226499,-0.5035899035804972,0.24634652591602468
2026-02-27,54.073225446622494,43.31990985255214,37.0,16.455696202531644,11.612702460738017,73.22712010859564,9.92871455233202,-0.45043549555562373,0.05315440802487342
2026-02-28,52.80286809000637,37.03528904584866,27.0,13.924050632911392,10.97236311680232,66.5128317274228,4.661183019881851,-1.032872489077969,-0.5824369935223452
2026-03-01,53.70407172774419,32.38756806222114,24.0,17.72151898734177,11.810587851639696,59.73520477692823,3.3352950964993355,-0.9147311144854073,0.11814137459256169
2026-03-02,52.66622692662273,26.937128368079517,83.0,12.658227848101266,11.083415293909413,68.70567966951936,11.989242886727503,-0.7485637968907802,0.1661673175946271
2026-03-03,55.19123241436369,23.940385503266842,100.0,17.72151898734177,15.552753524721647,67.27716157869051,13.84059471658724,-1.0801011420181892,-0.33153734512740896
2026-03-04,54.75650946840227,21.523356417210408,86.0,12.658227848101266,13.43856616114261,68.9115633559041,21.04626324285489,-0.3894532959708043,0.6906478460473848
2026-03-05,58.241345615475524,17.92569647789052,90.0,27.848101265822784,20.674315104962595,69.66802589014026,15.891200106105899,-0.665218592367135,-0.2757652963963307
2026-03-06,56.80291263457301,15.643816364223229,78.0,22.78481012658228,14.103873270934095,70.90226125359696,12.904429048983088,-0.580002912033587,0.08521568033354798
2026-03-07,54.61759019682155,14.23081561768624,72.0,15.18987341772152,11.838289495999591,61.124919660025235,3.480338523723029,-1.3686014246055735,-0.7885985125719865
2026-03-08,53.91464240414994,12.718599201725706,75.0,15.18987341772152,6.269706865787208,55.08362024594034,2.5494931031170496,-1.6223557779394457,-0.2537543533338722
2026-03-09,52.92482255248097,12.55364893213102,78.0,10.126582278481013,9.140037317058068,62.49876656470268,11.841607608897474,-1.011109207929108,0.6112465700103378
2026-03-10,54.86686744781694,12.449968663014154,78.0,16.455696202531644,13.366025692261013,64.63801007549958,12.480464935552984,-0.9705371975244553,0.040572010404652636
2026-03-11,56.00788970889863,12.252863242913001,71.0,18.9873417721519,14.541943291999878,63.39497398451606,13.750972223701194,-0.8517998605383521,0.11873733698610323
2026-03-12,56.283436914205524,12.291391053587128,72.0,22.78481012658228,12.287232325349352,66.17893745882994,10.461646265377793,-1.0006282878515032,-0.14882842731315105
2026-03-13,56.5379833867948,12.685309966216012,73.0,18.9873417721519,10.988022714005814,70.010454197547,13.232987714644748,-0.5592318595742545,0.4413964282772487
2026-03-14,56.87528009132203,13.157425636272002,72.0,20.253164556962027,15.892565663939099,58.704719590152784,3.6741997096770356,-1.397612261905415,-0.8383804023311605
2026-03-15,57.07710077100471,13.490242377801886,69.0,18.9873417721519,6.05932959949835,54.245550965546485,6.023828752198326,-1.1771640545289948,0.22044820737642024
2026-03-16,58.25107772034232,14.557991651303631,77.0,29.11392405063291,7.429455580372959,63.69046507844649,17.461557877705634,-0.5281908924587514,0.6489731620702434
2026-03-17,59.99522636052503,16.55758599154841,77.0,35.44303797468354,14.387258703417455,65.15258594710495,13.54171194764651,-0.7198557764324177,-0.19166488397366632
2026-03-18,59.248377351714645,17.85226805339164,43.0,32.91139240506329,12.187144459261617,63.03827783096736,10.918747729817149,-0.6757453545028252,0.04411042192959247
2026-03-19,57.10816704046062,18.129181399104898,44.0,29.11392405063291,11.789178350905477,64.82695902861303,9.794054407602484,-0.5926133647435847,0.08313198975924052
2026-03-20,55.99862700854595,18.10115722087825,43.0,13.924050632911392,11.7468814290423,66.15186855446717,8.73769186619859,-0.6227876272253422,-0.030174262481757474
2026-03-21,56.54455525095945,17.950952625597168,42.0,15.18987341772152,10.017852697902228,61.18292445508828,2.087233202419,-1.2645780058915552,-0.641790378666213
2026-03-22,55.08665162117432,17.75920882263721,41.0,12.658227848101266,5.810536504883954,57.658899802383665,6.103404144293397,-0.835603173770293,0.4289748321212622
2026-03-23,54.37762953073744,17.771506083970454,65.0,10.126582278481013,7.746396251120082,63.51231701820684,10.877745684431089,-0.5334138324437073,0.3021893413265857
2026-03-24,56.81721163825999,17.858875226621713,36.0,13.924050632911392,13.387236120093732,61.408143073160716,11.932848899348715,-0.44164564685618024,0.09176818558752708
2026-03-25,56.52202359254568,17.82259616498198,42.0,17.72151898734177,10.300005833192314,66.8385919902712,14.25973729875008,-0.15798609092816074,0.2836595559280195
2026-03-26,57.150965016299835,16.96039162635163,38.0,12.658227848101266,9.323770629073012,65.59448914443594,10.676448354875118,-0.3651606813978565,-0.20717459046969577
2026-03-27,55.1327857278709,15.534453571096247,39.0,16.455696202531644,13.31889537762506,67.66332683501837,14.817958492843866,-0.35150053217140037,0.013660149226456142
2026-03-28,53.153122953082466,15.936120056374428,40.0,15.18987341772152,12.462084777813065,57.726638735468796,4.639831904118542,-1.144109402819558,-0.7926088706481575
2026-03-29,53.15316235021583,16.235180640554585,40.0,11.39240506329114,6.027032073690456,50.94901178497423,3.3899818904965553,-1.2934734228658233,-0.14936402004626537
2026-03-30,52.87214403969001,16.20486256920995,38.0,10.126582278481013,6.398884306032938,61.335870431955705,12.521380019700917,-0.6087133454777205,0.6847600773881029
2026-03-31,53.45627875236827,16.28521005271715,42.0,13.924050632911392,9.459434691846981,64.68948099709576,12.53620771602431,-0.6873130475744682,-0.07859970209674771
2026-04-01,31.51649274602214,40.55082234010184,41.0,10.126582278481013,27.464938698902902,64.68948099709576,11.079120699929303,-1.1383157728900948,-0.4510027253156266
2026-04-03,30.771841981949088,55.126162585651514,41.0,11.39240506329114,23.289897957697736,67.43130765476613,10.539387872677297,-1.164378600772613,-0.026062827882518125
2026-04-04,30.922142987741474,65.74582647142671,41.0,13.924050632911392,14.362569592680014,66.48122911494016,4.775868617081161,-1.608454291224781,-0.4440756904521681
2026-04-05,31.125271142027692,73.64920551003307,41.0,15.18987341772152,11.443082175804374,57.38447711677499,2.2263452418271603,-2.023169657374342,-0.41471536614956084
2026-04-06,32.26960627499542,79.59245146124151,41.0,16.455696202531644,17.55153926476709,50.68418989303116,2.8802131949743863,-1.9941845341199222,0.028985123254419598
2026-04-07,32.13068172951834,84.92078391023819,41.0,13.924050632911392,23.639769359842933,59.626662470764245,7.327784342265725,-1.53746033180308,0.4567242023168423
2026-04-08,33.53550060508855,88.87813906506756,41.0,21.518987341772153,31.501139203962186,64.02049236070182,10.366058299652936,-1.2908310108040515,0.24662932099902846
2026-04-09,33.31440460552471,92.49478459989268,41.0,17.72151898734177,24.366952244007514,65.21219087444562,9.154328823567932,-2.0791986242752527,-0.7883676134712012
2026-04-10,33.91957635506937,95.15982750286125,41.0,20.253164556962027,24.169166979871694,64.6009403444018,8.024252923042512,-1.9684784413547676,0.11072018292048513
2026-04-11,34.363970069847625,97.01756315257619,41.0,18.9873417721519,22.17411504634131,67.69639623542213,10.856862384054656,-1.342002756236951,0.6264756851178166
2026-04-12,33.692782059410135,98.61637323860997,41.0,20.253164556962027,18.130345645326894,58.89940235059432,3.1668776419859004,-1.8932307589473902,-0.5512280027104393
2026-04-13,33.25194507165345,99.85391986524014,41.0,15.18987341772152,17.08879673539397,52.767695462824925,3.0357157115287885,-2.3263137534482192,-0.433082994500829
2026-04-14,35.16239428733925,100.0,41.0,26.582278481012654,32.28038112145637,60.65861444546082,11.759601121542099,-1.8688058175191262,0.457507935929093
2026-04-15,35.172209469627795,99.69884459471788,41.0,29.11392405063291,32.214391971621275,65.47514594539815,19.989002955711,-1.503802626084043,0.3650031914350833
2026-04-16,35.42095027321897,98.55869216058093,41.0,29.11392405063291,25.92168298506956,62.709183959207294,14.43218712628959,-1.6364312103235132,-0.13262858423947033
2026-04-17,35.23151103815751,96.32033253472306,41.0,26.582278481012654,29.905197189975475,62.709183959207294,11.410913715306096,-1.7434872121128266,-0.1070560017893134
2026-04-18,36.437248854229885,93.60156336960553,41.0,32.91139240506329,37.201635261911655,69.56281719288795,14.208035410795,-1.2927879351536804,0.45069927695914624
2026-04-19,35.98766360724651,91.33201880441189,41.0,34.177215189873415,24.591768367726296,58.611778573695425,3.5932568177288666,-2.0000417905226606,-0.7072538553689802
2026-04-20,35.23626459138178,89.17757701383458,41.0,36.708860759493675,27.10932706724552,52.839968104029936,5.614593025408519,-2.12276344987613,-0.12272165935346946
2026-04-21,36.03322336907784,86.20618641270507,41.0,41.77215189873418,27.86473979586683,61.91298480674402,19.18972282152262,-1.5630943511023296,0.5596690987738004
2026-04-22,37.08590056489385,83.27860260669377,41.0,40.50632911392405,27.14505871862112,63.859012345020524,13.421273942327183,-1.7212408476047958,-0.15814649650246615
2026-04-23,37.385524318989525,80.2206871980008,41.0,58.22784810126582,29.44189019308486,65.7597028020983,14.578974042413872,-1.344545462397561,0.3766953852072348
2026-04-24,37.30268898436453,75.43155210368971,41.0,49.36708860759494,24.7433238205383,65.41527432934457,13.694719510476611,-1.5791503028519056,-0.2346048404543446
2026-04-25,37.21761195483996,70.06561944436282,41.0,39.24050632911392,20.544583767086234,67.48664556269985,18.495005856937013,-1.4574948397394614,0.12165546311244424
2026-04-26,37.5006382239511,63.30724487605052,41.0,41.77215189873418,12.473927031146285,57.18446058207478,3.2828563093849787,-2.0138597911331266,-0.5563649513936653
2026-04-27,37.397011618077606,56.85404011419005,41.0,59.49367088607595,18.361587514651585,53.27480405046817,3.0413530976068492,-2.198332327548715,-0.18447253641558836
2026-04-28,36.961389869114775,50.7497027969795,41.0,41.77215189873418,22.626443835566366,62.0865991588638,11.398621736739658,-1.4554036997699702,0.7429286277787448
2026-04-29,37.01778067238612,43.313228231432085,41.0,32.91139240506329,21.25807107857659,63.03027716957935,10.339346123384312,-1.4481707882877495,0.007232911482220716
2026-04-30,36.12459983163165,33.95898868137691,41.0,36.708860759493675,26.579333314379888,63.03027716957935,11.990042774059624,-1.2060695536557657,0.24210123463198374
2026-05-01,37.05142931105601,18.433471767293174,41.0,32.91139240506329,18.988979937014346,63.03027716957935,13.143310288219684,-1.028691921748383,0.17737763190738276
2026-05-02,37.69533072452865,18.11651846088827,41.0,49.36708860759494,20.327937898971154,0.0,0.0,-3.641065188982868,-2.612373267234485
2026-05-03,37.749980337405646,17.19842200043758,41.0,59.49367088607595,12.72888332038115,0.0,0.0,-3.289258716388108,0.3518064725947596
2026-05-04,38.695003752130766,16.467923356292157,41.0,50.63291139240506,20.652632861854787,0.0,0.0,-3.249072963742409,0.040185752645699235
2026-05-05,39.30578521098124,15.842257827666911,41.0,63.29113924050633,28.447581881537776,0.0,0.0,-3.6445604520356207,-0.3954874882932118
2026-05-06,39.36625649641099,15.670416125462769,41.0,58.22784810126582,26.056268598537535,0.0,0.0,-3.712355804353827,-0.06779535231820644
2026-05-07,39.23536019158585,15.072296698712567,41.0,59.49367088607595,29.2633130248592,66.47122828820515,13.210376441943822,-1.1050943209692237,2.6072614833846037
2026-05-08,38.422207976660545,14.725155231999604,41.0,48.10126582278481,26.50891356984812,66.3156154242084,12.057185843603623,-0.9432881396745388,0.16180618129468483
2026-05-09,38.667184242735125,14.18897765893283,41.0,48.10126582278481,24.450794434808355,67.54211681499004,10.331054484567046,-0.8080280908881569,0.13526004878638198
2026-05-10,38.93659989481725,13.903702219839342,41.0,59.49367088607595,14.7547884909175,94.30166227074771,3.1867347510276813,0.122734311358304,0.9307624022464609
2026-05-11,38.88818352864529,13.673034397282969,41.0,60.75949367088608,25.415505143270117,54.288754537041726,3.429220553446183,-1.561096194550256,-1.6838305059085599
2026-05-12,39.15355304225696,13.014173721424111,41.0,62.0253164556962,22.167176094311486,61.027044902378606,9.47719614721333,-1.1650509290815856,0.39604526546867036
2026-05-13,39.07895289615052,11.740815514502561,41.0,53.16455696202531,24.24850140240634,63.52298456672418,9.354672410015628,-1.0680605057998307,0.09699042328175489
2026-05-14,38.41510194563307,11.304453006530496,41.0,43.037974683544306,26.480015462288996,64.79202280721873,12.548492147803723,-0.9890657250058178,0.0789947807940129
2026-05-15,38.802057647206944,10.865557443150987,41.0,54.43037974683544,27.99725541205898,65.31953308140139,12.561064833280843,-1.012746301532175,-0.023680576526357133
2026-05-16,38.04418371916289,10.31532460470975,41.0,39.24050632911392,22.6834127434888,70.00992082012112,16.373403162176693,-0.6096754286268017,0.40307087290537325
2026-05-17,37.57687886427743,9.552465420354372,41.0,34.177215189873415,16.401453289207733,59.42144550616184,3.3218855387759225,-1.0719593748153018,-0.4622839461885001
2026-05-18,36.93435933556842,9.413237070885087,41.0,35.44303797468354,17.099572944504256,59.42144550616184,3.482212834099211,-1.4743460414192813,-0.4023866666039795
2026-05-19,36.91163185337579,9.084158068366332,41.0,31.645569620253166,24.450616470291283,63.22749347279375,12.418275373851708,-0.7631220590508148,0.7112239823684665
2026-05-20,37.11700250438834,8.196218751465452,41.0,34.177215189873415,18.287731756612388,62.62944403404015,14.055274546275525,-0.8967343372023259,-0.1336122781515111
2026-05-21,37.37133543121279,7.704740659422639,41.0,36.708860759493675,19.45450084160938,63.14948702426067,12.425758314735283,-1.1816235659637262,-0.2848892287614003
2026-05-22,37.143177842553975,7.690119825529602,41.0,35.44303797468354,19.618750926053625,64.666412423427,8.804470364374742,-1.2210486639608817,-0.039425097997155545
2026-05-23,36.15891349404215,8.118070764228412,41.0,35.44303797468354,21.606055892919613,72.95683109803744,8.75313501333263,-0.9889924617422595,0.23205620221862222
2026-05-24,36.82921778269028,8.231978588470284,41.0,31.645569620253166,20.47647382188626,58.58484301368914,4.753003400883397,-1.454943762384783,-0.46595130064252344
2026-05-25,37.204327711100355,8.234545178623781,41.0,37.9746835443038,16.19598522839688,51.65800372830821,4.412738389554191,-1.6920591059002124,-0.2371153435154294
2026-05-26,36.92560012390605,8.342865917080495,41.0,43.037974683544306,17.025756920010775,57.459149956396395,5.6408574505320495,-1.7916471899360944,-0.09958808403588204
2026-05-27,36.18120395970928,8.703659845353224,41.0,31.645569620253166,24.57880352059393,61.93311980457052,10.452779729836976,-1.1530535202903023,0.6385936696457921
2026-05-28,34.71458757320281,9.847742905947493,41.0,27.848101265822784,26.45585544662332,63.32603495222272,11.826066978654096,-1.0866746291792673,0.06637889111103501
2026-05-29,35.06056504638687,10.623529510255402,41.0,29.11392405063291,22.043480424710037,65.46621187351488,19.13208394559078,-0.6715680475189402,0.4151065816603271
2026-05-30,34.90736019925024,11.204815261247756,41.0,29.11392405063291,22.82358956303972,69.14198240387873,16.46062306105769,-0.7710192412509368,-0.09945119373199662
2026-05-31,34.95018609200645,11.911215010788135,41.0,35.44303797468354,13.660280624215465,69.14198240387873,3.9596003505283535,-1.4058643414791152,-0.6348451002281784
2026-06-01,34.499622167851925,12.798774390551495,41.0,36.708860759493675,16.51112633068085,69.14198240387873,3.4686839642625857,-1.1891099839195753,0.21675435755953987
2026-06-02,32.74441318404628,14.686866764900449,41.0,29.11392405063291,29.894066378281316,67.75013401107825,15.957393745202907,-0.6150837153884127,0.5740262685311627
2026-06-03,31.00595295573929,17.390004788585465,41.0,13.924050632911392,36.838972486557545,66.831391395022,21.262314157935116,-0.8758809411172325,-0.2607972257288198
2026-06-04,29.515296334429358,20.49302410042516,41.0,15.18987341772152,100.0,68.72341446892943,19.247930152484788,-1.0838470790478991,-0.20796613793066665
2026-06-05,28.36822275779297,23.720162672004115,41.0,15.18987341772152,33.26081122377035,71.797801951628,15.623795980745198,-1.0132733178692725,0.07057376117862657
2026-06-06,28.22862368952365,26.323500901869433,41.0,15.18987341772152,46.785751004390605,71.797801951628,18.611459640060364,-0.9038185834849922,0.10945473438428033
2026-06-07,28.71530786717489,28.269160798175562,41.0,15.18987341772152,22.318234949168442,71.797801951628,4.807963617833755,-1.1448643401870189,-0.24104575670202666
2026-06-08,29.20112276995259,29.510756463990305,41.0,10.126582278481013,22.97279598624922,0.0,0.0,-3.7408675978871053,-2.5960032577000867
2026-06-09,29.36249644136763,30.3049955891438,41.0,12.658227848101266,23.561369687675,0.0,0.0,-4.363734982518813,-0.6228673846317077
2026-06-10,28.325578797861333,31.32965430443228,41.0,11.39240506329114,21.84818127205028,0.0,0.0,-4.869685006170205,-0.5059500236513923
2026-06-11,29.16564234096295,31.580862069995934,41.0,15.18987341772152,20.777223993832326,0.0,0.0,-7.2848521649292355,-2.41516715875903
2026-06-12,29.210101813668615,31.58568799827493,41.0,15.18987341772152,19.70248759790287,0.0,0.0,-4.693882533488354,2.590969631440881
2026-06-13,29.626807177028653,31.46171238849258,41.0,16.455696202531644,18.30605093155705,68.75155012814392,8.249132199570635,-2.6223963497871416,2.0714861837012126
2026-06-14,29.996610852631516,30.870095062325763,41.0,22.78481012658228,13.299148710408023,56.429064802690355,2.4104631031326478,-2.344694015445128,0.27770233434201375
2026-06-15,30.82901067049259,30.198738063809127,41.0,25.31645569620253,16.941749233873868,53.39174705108955,4.534319681917393,-2.4094557065574156,-0.06476169111228769
2026-06-16,30.95512383815773,29.536161460119082,41.0,29.11392405063291,35.784307247752565,65.70969866842326,8.938848929739356,-1.7828993345553859,0.6265563720020297
2026-06-17,30.48824066107003,29.06065762374961,41.0,27.848101265822784,19.031210030251923,63.66926332576826,8.427711489684635,-1.8334225030321256,-0.050523168476739766
2026-06-18,29.6833773784197,28.63349894933773,41.0,18.9873417721519,22.564080242247375,63.2778976395382,7.61100531165421,-1.8096790429426124,0.023743460089513224
2026-06-19,29.05072833778382,28.12010910252712,41.0,17.72151898734177,20.2478807465012,67.12034861548555,8.520602847827535,-1.6140284810799765,0.19565056186263585
2026-06-20,29.507909503278967,27.172479012193573,41.0,29.11392405063291,14.575848759281113,64.82535889633543,5.304815674588865,-1.762977535414127,-0.1489490543341505
2026-06-21,29.842189614014686,26.0524283285315,41.0,29.11392405063291,12.64568352915944,54.66105198029704,2.946754781272375,-1.909983425592826,-0.14700589017869903
2026-06-22,29.800492247623207,25.21350873097245,41.0,25.31645569620253,14.824146398622288,50.83873600217618,5.254207848923976,-2.0205697551935815,-0.11058632960075543
2026-06-23,29.25677314928595,23.948119642044638,41.0,29.11392405063291,17.692780258225508,60.66128133259016,7.8406138003645,-2.268395688359625,-0.2478259331660433
2026-06-24,29.126798149369993,22.179817977721218,41.0,21.518987341772153,18.73333222541696,61.98672423587016,10.457658810946018,-1.461468057285307,0.8069276310743179
2026-06-25,28.48566206281734,20.35608601523821,41.0,15.18987341772152,25.022114914054267,65.07671300827536,13.056932256641371,-1.5035035306080515,-0.0420354733227446
2026-06-26,27.51622923432391,18.948963870574417,41.0,16.455696202531644,26.81157111805955,69.69522813885948,18.26452642034761,-1.0430722616033548,0.4604312690046968
2026-06-27,27.687552540172895,18.097972390407342,41.0,18.9873417721519,21.015670382271605,69.5718846091277,16.273166040493443,-0.7626776130923666,0.28039464851098816
2026-06-28,27.58008025848578,16.754431985803844,41.0,22.78481012658228,10.85767490930481,60.33912136736637,2.9574550122405365,-1.6448189327738265,-0.8821413196814599
2026-06-29,27.642988140212942,15.102357012680399,41.0,15.18987341772152,13.911340206159863,55.56979376961829,3.6861013758880374,-1.8907289925426418,-0.2459100597688153
2026-06-30,27.276464910114644,13.00777736108907,41.0,18.9873417721519,20.88906129257608,65.45341081529406,13.680626118406753,-1.1400669856850905,0.7506620068575514
2026-07-01,26.77705220333652,10.873430862268995,41.0,13.924050632911392,20.63036492944561,75.09647464190373,18.328390478965325,-0.7541813553417548,0.3858856303433357
2026-07-02,27.812444876506646,9.449260442918094,41.0,24.050632911392405,22.12894379500034,72.04795596435972,13.952547492350478,-1.3740883925383005,-0.6199070371965457
2026-07-03,28.34322880886798,8.938898927122791,41.0,26.582278481012654,21.983291110726547,70.30634532454683,16.373476435495316,-1.346662301289403,0.0274260912488975
2026-07-04,28.73978369691467,8.890221185985622,41.0,27.848101265822784,16.271055352379637,70.65304065136051,6.688609769437891,-1.5510312729655091,-0.20436897167610613
2026-07-05,28.836669837255947,8.8523418034292,41.0,29.11392405063291,13.232592435499265,57.96852539809958,3.2946199346205325,-1.672805905099434,-0.12177463213392481
2026-07-06,28.988472092737403,8.787501320289326,41.0,30.37974683544304,14.143583782254288,51.54532774709376,3.8959153389557994,-2.0659084496138673,-0.3931025445144334
2026-07-07,29.041832704399933,8.782520513339609,41.0,34.177215189873415,22.33131261175024,51.54532774709376,10.266873041069777,-1.9642170375981325,0.10169141201573484
2026-07-08,29.02088518787404,8.77367523056803,41.0,25.31645569620253,19.06179224784414,64.61160789291914,10.126454513749929,-1.6186032639226897,0.34561377367544277
2026-07-09,28.906538255218127,8.746892666715201,41.0,27.848101265822784,17.02368638930118,61.75937210809427,7.481421024119908,-1.7615464928711106,-0.14294322894842093
2026-07-10,29.77529402787271,8.791103572100239,41.0,29.11392405063291,16.472202679376974,63.82394277926975,7.579776717019239,-1.6310438270309084,0.1305026658402022
2026-07-11,29.819803437635517,8.88491482946344,41.0,32.91139240506329,15.17429096933026,68.23377399198334,8.692461875200795,-1.1959667571116868,0.4350770699192217
2026-07-12,29.672404985439936,8.941726550687687,41.0,32.91139240506329,11.856780730544298,57.322872024087324,2.637728828080447,-1.711872114023018,-0.5159053569113312
2026-07-13,29.012311436380266,8.886389876527579,41.0,35.44303797468354,12.674198589269908,51.305174561097054,3.243798067531325,-1.9044956157368733,-0.19262350171385534
2026-07-14,29.005319363074953,8.738589866907304,41.0,27.848101265822784,16.42143580297214,61.17052342993687,11.866979722427594,-1.4261666416024263,0.47832897413444697
2026-07-15,30.121520122794948,8.42733258521939,41.0,31.645569620253166,18.913697841618784,61.147854889337516,11.179133814918552,-1.4310143170234666,-0.004847675421040254
2026-07-16,29.993578434131525,7.976918339982958,41.0,31.645569620253166,17.479856773794875,64.25304491837991,10.063127629498785,-1.276264994299302,0.15474932272416453
2026-07-17,29.38234297872291,7.607497766188887,41.0,34.177215189873415,16.90747534520402,62.34955422981633,7.816468232697453,-1.4228323997432077,-0.14656740544390567
2026-07-18,29.746792286542757,7.6250233788375406,41.0,31.645569620253166,15.499095234801331,66.1453346810003,8.82884520269968,-1.1409930863350684,0.2818393134081394
2026-07-19,30.201079552147625,7.897182736795134,41.0,35.44303797468354,9.6086859663273,59.25956545741114,2.9920379284008884,-1.5123168716171063,-0.3713237852820379
2026-07-20,29.88680096608573,7.990147531426427,41.0,36.708860759493675,11.69326144874494,51.51732543223573,3.425025764699448,-1.7394998265691008,-0.2271829549519946
2026-07-21,30.546284199457308,8.260928256776287,41.0,31.645569620253166,18.260849408325317,60.00989415124983,8.882870468880174,-1.4342807891452451,0.3052190374238557
2026-07-22,30.94871924132463,8.732825367553405,41.0,41.77215189873418,18.057624894535767,64.01915891713715,11.492521477147863,-1.213164542534938,0.22111624661030715
2026-07-23,30.56625921619935,9.06454854821585,41.0,39.24050632911392,16.495648740802444,62.37555637932736,7.478790348466608,-1.4197632357369088,-0.20659869320197077
2026-07-24,30.59369206690346,9.384921934588233,41.0,35.44303797468354,15.51272933909457,65.03604297955297,9.399506689593832,-1.1824772524467824,0.2372859832901264
2026-07-25,29.775880078599982,9.40010105785207,41.0,34.177215189873415,15.767201809000905,72.22983766658044,8.605329730170533,-0.9937135635655263,0.18876368888125605
2026-07-26,29.98729424556033,9.140427865509137,41.0,32.91139240506329,9.800985649411334,60.62461163456179,4.084604243360334,-1.300177553664666,-0.3064639900991397
2026-07-27,30.316477178644195,8.975470483644521,41.0,37.9746835443038,11.63902442272006,58.56537473764498,2.829921352723507,-1.4835388106474634,-0.18336125698279737
2026-07-28,29.341090677858872,8.558134713734384,41.0,36.708860759493675,17.573900347515547,63.7028661035979,9.455247402923925,-1.3357501887465786,0.14778862190088482
2026-07-29,29.64580266626109,8.130837978013073,41.0,36.708860759493675,16.1952370870806,64.68054692521248,7.278647237512574,-1.2576052283389252,0.0781449604076534
2026-07-30,29.655659421116308,7.396080535154841,41.0,35.44303797468354,16.51271637142613,63.80100754995747,8.54563264672624,-1.1944139319793197,0.06319129635960552
2026-07-31,29.93962962338836,6.03566443965622,41.0,31.645569620253166,16.150085538543667,66.33548373332195,13.168583012315644,-0.8876177279795021,0.30679620399981755
2026-08-01,29.113140029647145,5.3950099633558715,41.0,34.177215189873415,15.223315178626585,82.78764377855235,21.24517137547444,-0.007939513550823988,0.8796782144286781
2026-08-02,29.336015906705043,5.016733232214015,41.0,34.177215189873415,9.561220452040452,70.35194909445848,12.636390721748311,-0.6117596411818895,-0.6038201276310655
2026-08-03,28.956880239041865,4.9289093264416595,41.0,35.44303797468354,9.836924329440665,60.41779453768178,7.255389147437649,-1.204629318766383,-0.5928696775844935
2026-08-04,29.70299652138947,4.746068924390849,41.0,31.645569620253166,14.603456063661072,69.85990841909599,13.070230313671036,-0.8456755838976948,0.3589537348686882
2026-08-05,29.991249902978943,4.626855153654415,41.0,34.177215189873415,13.724114587511579,67.77053569761767,13.06022397799901,-0.8519049149046577,-0.006229331006962879
2026-08-06,30.3533574164902,4.586503671493022,41.0,31.645569620253166,14.242867204263446,69.30612930668936,13.216932186925535,-0.8170462133753752,0.0348587015292825
2026-08-07,30.024079956330947,4.438330007725416,41.0,36.708860759493675,12.597389065784673,68.82915654360761,10.998118116608254,-0.9887196827939814,-0.17167346941860617
2026-08-08,30.43788143905929,4.297198189378884,41.0,37.9746835443038,13.555763250153621,71.20961999525294,11.307113931455918,-0.8172300523890635,0.17148963040491783
2026-08-09,30.244981796928343,4.334786927217681,41.0,39.24050632911392,8.06975848236145,59.743472127029165,3.0374672563668534,-1.3781767041334607,-0.5609466517443972
2026-08-10,30.341550908588193,4.391949545217698,41.0,37.9746835443038,9.646388713064297,55.21283092735666,3.203281917500009,-1.5042696212738067,-0.12609291714034598
2026-08-11,29.87927697994891,4.377779264343901,41.0,36.708860759493675,12.919204745027974,63.11388408108404,8.675344096928491,-1.2287349567806285,0.2755346644931782
2026-08-12,29.61855433403705,4.170079899206715,41.0,34.177215189873415,13.211236742114638,62.30048350663655,9.923531683445372,-1.1282297142430693,0.10050524253755921
2026-08-13,29.505003752855863,3.9664958437643443,41.0,36.708860759493675,13.208365361616986,65.99532227997514,11.281107763565155,-1.000743436221194,0.1274862780218753
2026-08-14,29.376315103150922,4.047389633693386,41.0,36.708860759493675,11.773751155769668,64.87482965258461,6.710438701286463,-1.133944708940787,-0.13320127271959303
2026-08-15,29.20576821165816,4.188711137337948,41.0,43.037974683544306,11.869525172264026,68.31738090348803,7.988795778800401,-0.9850322736884315,0.14891243525235554
2026-08-16,29.225706587758243,4.2417041663301385,41.0,43.037974683544306,7.007063260933016,59.371708061199726,3.26180908278842,-1.2735958636978653,-0.28856359000943377
2026-08-17,29.36629299815145,4.311458326697499,41.0,39.24050632911392,8.70673009889212,53.66336950521243,3.1556108565369843,-1.535111002077622,-0.2615151383797567
2026-08-18,29.85398300160213,4.278941345952905,41.0,51.89873417721519,13.70957558483921,53.66336950521243,8.666323748657573,-1.392867301750208,0.14224370032741396
2026-08-19,29.992959185417224,4.283826106766872,41.0,58.22784810126582,11.842999046455489,53.66336950521243,10.14893646279871,-1.3619597105888306,0.030907591161377423
2026-08-20,32.382130094579075,5.7032282936317245,41.0,78.48101265822784,30.36650240748571,0.0,0.0,-3.480699030889365,-2.1187393203005342
2026-08-21,35.25015365576523,9.90583642088778,41.0,91.13924050632912,35.13684688520871,0.0,0.0,-3.3705541919049216,0.11014483898444327
2026-08-22,36.94106022719073,14.500213959514262,41.0,89.87341772151899,43.31453752107901,0.0,0.0,-3.2598341936264204,0.11071999827850121
2026-08-23,36.40524355795699,17.303956718056426,41.0,83.54430379746836,30.86194966978949,0.0,0.0,-3.090335160204546,0.16949903342187422
2026-08-24,36.51129458914872,19.598033767111172,41.0,92.40506329113924,23.15471330932367,0.0,0.0,-3.212244511681344,-0.12190935147679793
2026-08-25,38.41778752642716,22.878473148506828,41.0,93.67088607594937,33.46217661253128,65.32620029922474,17.166830363816967,-0.27178316637285677,2.940461345308487
2026-08-26,37.63292441053553,25.03467389822357,41.0,82.27848101265823,24.184337650653255,66.86459413978221,16.593533593476668,-0.1149525519467543,0.15683061442610247
2026-08-27,37.73394134385264,26.766229107438726,41.0,89.87341772151899,22.54439249824321,65.53688438244228,11.576319824159334,-0.8483430134727141,-0.7333904615259599
2026-08-28,37.35733862565217,28.059199749418383,41.0,92.40506329113924,23.5150388797942,67.5941211140121,19.004224873109525,-0.43338221101345903,0.4149608024592551
2026-08-29,36.745350472390335,28.868967133110328,41.0,86.07594936708861,21.072619901508197,69.11091316882195,16.32511376487847,-0.8702245004838395,-0.43684228947038045
2026-08-30,37.0109410827543,29.677307613172477,41.0,87.34177215189874,10.48532622591177,59.639063495915664,3.417428115824544,-1.4157639190048728,-0.5455394185210333
2026-08-31,37.098458407365825,30.16375942976566,41.0,78.48101265822784,18.315554952046565,53.19653091322216,6.316046229039368,-1.0519347276522575,0.36382919135261527
2026-09-01,37.43064439522227,30.655172553228738,41.0,87.34177215189874,19.632921032350723,66.82299070056457,16.68786801860819,-0.47844574004278034,0.5734889876094771
2026-09-03,36.88578872014779,30.669597311445234,41.0,82.27848101265823,19.352008135517917,65.91918265243261,10.284545443973153,-0.6374158476068473,-0.158970107564067
2026-09-04,38.47709322735367,31.304470410147957,41.0,93.67088607594937,27.320481909110484,71.1033445431489,15.211817577424336,-0.023726297391395573,0.6136895502154518
2026-09-05,37.82313631672483,31.581814503606665,41.0,92.40506329113924,23.15906031142917,70.25140744968252,12.295207270451087,-0.21468917024631928,-0.19096287285492372
2026-09-06,37.57045851663306,31.725889373293963,41.0,92.40506329113924,16.731577423265115,62.01352645151999,3.463875600012552,-0.9158650646436041,-0.7011758943972848
2026-09-07,37.49010608627822,31.61461657812274,41.0,89.87341772151899,18.112331016225745,55.36551021551115,6.059736059693243,-0.5693863568246703,0.34647870781893375
2026-09-08,36.76959835347841,31.33028213355717,41.0,87.34177215189874,19.254595727160336,60.512735719486145,7.468702447035523,-0.7783482640294442,-0.20896190720477392
2026-09-09,37.191267096940265,30.956493808791063,41.0,83.54430379746836,22.635277522084362,60.001760145505365,9.013449265197918,-0.6351586792850161,0.1431895847444281
2026-09-10,36.786386087308834,30.409853196952184,41.0,87.34177215189874,23.91503362247566,65.73636753971661,10.874247483092542,-0.4277712196173068,0.20738745966770933
2026-09-11,36.308837825028874,29.490315111019484,41.0,70.88607594936708,25.282450288930143,66.60337254546376,10.973176679450674,-0.5554010894735072,-0.1276298698562004
2026-09-12,36.17815702954606,28.287892038139617,41.0,79.74683544303798,26.714531211163184,68.25244220188868,10.239221409578784,-0.39594298780550946,0.15945810166799773
2026-09-13,36.11890357502195,26.836864451445013,41.0,77.21518987341773,11.481387140158388,60.0084273633287,3.9270982157176184,-0.7206133375546441,-0.3246703497491346
2026-09-14,36.46627373433504,25.10630656774822,41.0,72.15189873417721,16.05415162207386,54.69225455971027,4.8392132491194255,-0.919504220990174,-0.19889088343552996
2026-09-15,36.222561514813336,22.93737115258264,41.0,87.34177215189874,22.61334705838379,62.810925703191465,9.066563550571228,-0.5307962726715898,0.38870794831858424
2026-09-16,35.59097745656309,20.37306052115694,41.0,64.55696202531645,26.74923668861085,66.23400867805071,13.148687105894433,-0.4100282217719994,0.12076805089959042
2026-09-17,35.856676890540676,17.36268453733633,41.0,63.29113924050633,23.614289767763964,64.22224237203609,12.986801136029468,-0.46522227944878336,-0.05519405767678398
2026-09-18,36.16772534205536,14.02577672747411,41.0,70.88607594936708,22.542199473007727,65.52848368798487,16.246320579765705,-0.5263762466772818,-0.06115396722849842
2026-09-19,37.988909606414936,9.653926717850927,41.0,89.87341772151899,31.889374660388352,71.91647842888345,15.347192571803383,-0.24993845674784007,0.2764377899294417
2026-09-20,37.72276728538563,6.787180988846401,41.0,89.87341772151899,20.2486769102283,60.95410553939126,5.8462593480491325,-0.514531695864105,-0.26459323911626487
2026-09-21,38.130827894726885,6.471452884177917,41.0,88.60759493670885,21.519835928915356,55.34950889273513,7.165635233228443,-0.863284336602892,-0.3487526407387871
2026-09-22,40.25144162916271,8.147170303885414,41.0,98.73417721518987,41.009874559528996,70.44755699804517,25.497768923878105,0.5307608390972093,1.3940451757001013
2026-09-23,40.722875904405115,9.744132298730092,41.0,89.87341772151899,30.651556073843807,64.80442383237013,22.608550842587896,-0.26154195981705514,-0.7923027989142644
2026-09-24,39.688901170847544,10.333703343719266,41.0,89.87341772151899,29.956532246307926,65.25672788950553,18.549577881714193,-0.37106546018315884,-0.1095235003661037
2026-09-25,39.43464898802707,10.693462322060245,41.0,89.87341772151899,26.97391756198521,65.34113486714902,18.528599269263925,-0.22933811116490443,0.1417273490182544
2026-09-26,39.332561360356145,11.086673508462832,41.0,93.67088607594937,26.10141210644205,69.35119969917514,17.39450265058809,-0.2623741187638791,-0.03303600759897468
2026-09-27,39.57385856480652,11.54118493663986,41.0,88.60759493670885,15.102773977820515,59.820678509423445,5.2059092367039925,-0.7173249328193553,-0.45495081405547616
2026-09-28,38.74527092531624,11.682580843385255,41.0,93.67088607594937,29.290086939993465,55.4869869242524,8.530197031756474,-0.7740864196040912,-0.056761486784735915
2026-09-30,38.980993324211525,11.791659174558484,41.0,89.87341772151899,23.48699398556544,65.49848120777985,20.738557684833676,-0.45791971187960273,0.31616670772448846
2026-10-01,39.02106018326936,11.922904553392538,41.0,93.67088607594937,26.871437439479113,65.49848120777985,15.75260034512555,-0.42745659687361587,0.030463115005986863
2026-10-02,40.73777695196679,12.737041580685032,41.0,91.13924050632912,27.540258145878404,71.26095757249266,12.844950274042297,-0.3268255525273268,0.10063104434628906
2026-10-03,39.89118646354564,13.094625455147208,41.0,84.81012658227847,26.075642090115775,73.23925444503412,14.43592748256142,-0.0890407683705821,0.2377847841567447
2026-10-04,40.02864051890647,13.367191630823541,41.0,82.27848101265823,11.270554099552925,63.33683584509653,4.8120765267999355,-0.7946615230346737,-0.7056207546640917
2026-10-05,40.73911332231685,13.987785910425771,41.0,88.60759493670885,17.437880338196372,56.84469916179737,6.638821628881564,-0.5373117523000305,0.25734977073464327
2026-10-06,40.50665929367214,14.452340368313541,41.0,92.40506329113924,20.359804877599093,66.26614466795921,18.292815755134654,-0.1433727387436289,0.3939390135564016
2026-10-07,39.59283230253142,14.568966119732304,41.0,89.87341772151899,23.982814887623825,65.6906304254485,11.1659615520616,-0.366449390357349,-0.22307665161372012
